download_success,download_time,fail_reason,save_name,duration,postId,postTitle,postSubmitter,postType,postURL,postSubreddit,postContent
True,23.828447103500366,,post_0000.mp4,10,c6s2jx,Bro Fist,boot_danker,direct,https://v.redd.it/r843rxlow6731/DASH_720,dankvideos,
True,4.256225824356079,,post_0001.mp4,23,c6uwtw,22 seconds of pure and hard K.O,D3lt4_SiX,direct,https://v.redd.it/ya45j0bnb8731/DASH_480,dankvideos,
True,3.2489984035491943,,post_0002.mp4,15,c6fqb0,Big man tried swimmin in lava,Vexal721,direct,https://v.redd.it/dtydpts2z0731/DASH_360,dankvideos,
True,5.686219930648804,,post_0003.mp4,22,c6vxdz,Everyone liked that,bbb_squad,direct,https://v.redd.it/fx1k87m0y8731/DASH_1080,dankvideos,
False,8.287834882736206,clip_too_long,post_0004.mp4,3604,c6vtrj,Homer Enjoys The Air conditioner for 1 Hour,catnipbag,,https://www.youtube.com/watch?v=21e2mFl5l7g,dankvideos,
True,5.302114486694336,,post_0005.mp4,16,c6qgt6,"Can this became meme? Or at least cursed image? I have more videos of it, drifting (or trying to)",goguinho,direct,https://v.redd.it/uv2wnadh76731/DASH_1080,dankvideos,
True,14.898015975952148,,post_0006.mp4,6,c6yd2g,have a break have a mad catter,sargonofatank,,https://www.youtube.com/watch?v=pgVPLb0XNEo&feature=youtu.be,dankvideos,
True,13.811998844146729,,post_0007.mp4,8,c6y6ht,Drake and the boys,Levi_Reyes,,https://youtu.be/ifuyE0zKBDk,dankvideos,
True,15.10771107673645,,post_0008.mp4,9,c6xy71,Minecraft Stonks,styloDetylo,,https://youtu.be/eoSJ7L9LxfY,dankvideos,
True,16.19862699508667,,post_0009.mp4,33,c6pspv,The Pokemon moment that broke the internet,Moggyo,,https://www.youtube.com/watch?v=XG8O3D-ViGo,dankvideos,
False,5.575400352478027,"error: youtube video unavailable, possably removed -- subprocess.CalledProcessError",post_0010.mp4,False,c6vo43,Ricardo Love Story,TivorSolo,,https://www.youtube.com/watch?v=lCSY9uOvWLI,dankvideos,
True,12.264278888702393,,post_0011.mp4,28,c6rj1f,Japanese Bee Movie Opening Line (English CC),Mikeiteq,,https://www.youtube.com/watch?v=Wsqada5jK-4,dankvideos,
False,7.423736810684204,clip_too_long,post_0012.mp4,4858,c6x545,An epic podcast,ElioVEVO,,https://youtu.be/X35UiXeOoRo,dankvideos,
False,1.1633923053741455,clip_too_long,post_0013.mp4,60,c6rfa0,Propane over charcoal. All day every day.,niggaman10t,direct,https://v.redd.it/ouyb7ea1m6731/DASH_480,dankvideos,
False,6.12349534034729,clip_too_long,post_0014.mp4,83,c6vuln,Expirence Corneilus.,That_Unknown_Guy_,,https://www.youtube.com/watch?v=DyOGOA9xHfo,dankvideos,
True,11.871448040008545,,post_0015.mp4,30,c6k71i,(loud),barberman12,direct,https://v.redd.it/c86t6nc0n3731/DASH_1080,dankvideos,
True,6.803316116333008,,post_0016.mp4,27,c6ira1,Thats a tru and sad story,barberman12,direct,https://v.redd.it/0xnwb8ucv2731/DASH_480,dankvideos,
False,6.407400369644165,clip_too_long,post_0017.mp4,84,c6ulte,Godzilla Memes 1,dogelaser,,https://www.youtube.com/watch?v=-qw_9rCsD3c,dankvideos,
False,6.073629140853882,clip_too_long,post_0018.mp4,555,c6ukgh,Umm,gamingufn38,,https://youtu.be/zKYyzZrI76w,dankvideos,
True,2.477405071258545,,post_0019.mp4,7,c6twqy,Killer Beanz: 2077,ImmaPooInYourAss,direct,https://v.redd.it/ldybdf2jt7731/DASH_480,dankvideos,
False,6.257824182510376,clip_too_long,post_0020.mp4,1292,c6tqy8,Poker?,gamingufn38,,https://youtu.be/rGTFsrNHsmc,dankvideos,
True,13.136929750442505,,post_0021.mp4,23,c6tdkr,"Dr. Pig Plays ""William Tell Overture"" with his Pingas!",Mikeiteq,,https://www.youtube.com/watch?v=6ylEfnkozug,dankvideos,
True,3.081191301345825,,post_0022.mp4,7,c6k7ms,You asked for it so here it is,dankbob_memepants_,direct,https://v.redd.it/qr4yo3ubn3731/DASH_1080,dankvideos,
True,14.291438102722168,,post_0023.mp4,30,c6swro,CEASE,meptep,,https://youtu.be/71cQeI0ASZc,dankvideos,
False,6.41321063041687,clip_too_long,post_0024.mp4,62,c6q7mj,"It's Free Real Estate 1,000,000 Times",Lytoo,,https://www.youtube.com/watch?v=T9QUm9cfaXw,dankvideos,
True,12.799211740493774,,post_0025.mp4,19,c6n6ge,NINTENDO SIXTY FOURRRR,7SCRATCH6R7_REDDIT,,https://youtu.be/BKEL4cUTOI4,dankvideos,
False,5.171046257019043,clip_too_long,post_0026.mp4,57,c670qt,The budget for this surpasses endgame,MatsuKatsuXD,,https://youtu.be/GApaHJmgeOw,dankvideos,
False,5.6671013832092285,"error: youtube video unavailable, possably removed -- subprocess.CalledProcessError",post_0027.mp4,False,c6rsgr,i got some bad news,Play_Like_Tofaiss,,https://www.youtube.com/watch?v=ocnj2jT1ClU,dankvideos,
False,5.826322078704834,"error: youtube video unavailable, possably removed -- subprocess.CalledProcessError",post_0028.mp4,False,c6rohj,99% OF PEOPLE FAIL Try Not To Laugh,stanture364,,https://www.youtube.com/watch?v=Zq-AUxIyFps,dankvideos,
True,4.915004014968872,,post_0029.mp4,11,c6ijzq,Made this in Minecraft enjoy,Fudget69,direct,https://v.redd.it/whaw339nq2731/DASH_1080,dankvideos,
True,14.411586999893188,,post_0030.mp4,6,c6m4oe,Guy Pulls a grenade on his little brother,okthisisepic291032,,https://www.youtube.com/watch?v=Tt8fWBziZ7M,dankvideos,
False,5.725878477096558,clip_too_long,post_0031.mp4,400,c6q6j7,Zebra Man,ThastorFan,,https://www.youtube.com/watch?v=OCdUQMxUF6E,dankvideos,
False,6.202008485794067,clip_too_long,post_0032.mp4,108,c6pgt8,Meme complation v6,bbb_squad,,https://www.youtube.com/watch?v=yGqilC9LYQ8&feature=youtu.be,dankvideos,
False,6.0153563022613525,clip_too_long,post_0033.mp4,606,c6owor,Memes that curse your entire family bloodline,Nick00ny,,https://www.youtube.com/watch?v=2DkA3K_IF_E&t=1s,dankvideos,
False,5.985476016998291,"error: youtube video unavailable, possably removed -- subprocess.CalledProcessError",post_0034.mp4,False,c6omfp,Memes that will be Clean,Qwer345,,https://www.youtube.com/watch?v=chEZufQx_ZY,dankvideos,
True,12.320045232772827,,post_0035.mp4,14,c6jvvk,Pewdiepie gone anime,Levi_Reyes,,https://youtu.be/unsvS_0ihhk,dankvideos,
False,6.684884309768677,clip_too_long,post_0036.mp4,98,c6o28z,Engraving ironman with cnc on wood,insanesciencekdlr,,https://youtu.be/irFv0MV8rBI,dankvideos,
True,10.273372650146484,,post_0037.mp4,12,c6hbzp,Meanwhile in Russia,kozacka_hunta,direct,https://v.redd.it/t9drvypnw1731/DASH_720,dankvideos,
False,6.3117358684539795,clip_too_long,post_0038.mp4,128,c6nfm3,Homer and Marge Break Up,darksimpsons21,,https://www.youtube.com/watch?v=X2IRiJdhRew,dankvideos,
True,4.449374198913574,,post_0039.mp4,20,c6bkbc,Final Spin German-Style,EvilDog77,direct,https://v.redd.it/1jfnfngczy631/DASH_720,dankvideos,
True,14.378921270370483,,post_0040.mp4,8,c6mz19,SHREK HAS A BRUH MOMENT,metallica123446,,https://www.youtube.com/watch?v=s3aGEFieSJk&feature=youtu.be,dankvideos,
True,2.58133864402771,,post_0041.mp4,8,c6eheb,Energizer keeps you going,_Guff,direct,https://v.redd.it/y3ii95pzc0731/DASH_360,dankvideos,
False,5.1161274909973145,clip_too_long,post_0042.mp4,103,c6qp1p,Etika SUCIDE MEMES,Slumish,,https://youtu.be/T2YYFA13ZUI,dankvideos,
True,14.853436946868896,,post_0043.mp4,19,c6lln2,The moment right after watching Toy Story,FatBenStiller,,https://youtu.be/lZNsdyDJyCo,dankvideos,
True,5.278862476348877,,post_0044.mp4,18,c6lhhj,"Morty, you piece of shit, Morty!",dankbob_memepants_,direct,https://v.redd.it/6vzef3ri74731/DASH_480,dankvideos,
True,15.3548264503479,,post_0045.mp4,20,c6homo,Cartoon Conspiracy Theory,ChristianHumanBeing,,https://www.youtube.com/watch?v=TIfCrBF6Fr8,dankvideos,
False,5.995726823806763,clip_too_long,post_0046.mp4,134,c6e054,TOP 69 facts!,ESKKETTITT,,https://youtu.be/cu4pSYJbqVM,dankvideos,
True,2.942647695541382,,post_0047.mp4,5,c6dx84,Already published before??,D3lt4_SiX,direct,https://v.redd.it/nglf9u5s20731/DASH_480,dankvideos,
False,6.569915533065796,clip_too_long,post_0048.mp4,281,c6jgq9,Here you go. Suffer.,heloPapiSendNood,,https://youtu.be/DSDNMB0CpJo,dankvideos,
False,6.172991037368774,clip_too_long,post_0049.mp4,265,c6j662,PewDiePie Minecraft Series Part 4 FUNNY MOMENTS,styloDetylo,,https://youtu.be/Kzi8sBSmbMQ,dankvideos,
True,11.969065427780151,,post_0050.mp4,33,c6i37z,Thanos is Nowhere,TheCrownedMedia,,https://www.youtube.com/watch?v=oHuTRkoqxhY,dankvideos,
True,3.2781589031219482,,post_0051.mp4,20,c68aak,twowomad,BumbaclotBoi,direct,https://v.redd.it/qlwh1ooxnx631/DASH_360,dankvideos,
False,1.2029640674591064,clip_too_long,post_0052.mp4,93,c67d0h,Guguringa,SKIPPY--,direct,https://v.redd.it/r99776zdax631/DASH_480,dankvideos,
True,3.3883843421936035,,post_0053.mp4,16,c6648u,I want to play with his cock and balls,dankbob_memepants_,direct,https://v.redd.it/wyzmvviurw631/DASH_720,dankvideos,
True,11.709379434585571,,post_0054.mp4,19,c64of3,They tryna be cray but its EU4,Real_ODDIST,,https://www.youtube.com/watch?v=jYS3LYYWoxs,dankvideos,
True,12.880005121231079,,post_0055.mp4,8,c6c5db,etika reacts,Virusprodigy,,https://www.youtube.com/watch?v=RLAs-x6CmrQ&feature=youtu.be,dankvideos,
True,4.378842353820801,,post_0056.mp4,19,c5tret,I like nippletwist,barberman12,direct,https://v.redd.it/wvwexl3axq631/DASH_720,dankvideos,
True,3.2733278274536133,,post_0057.mp4,13,c5x80p,Batman strikes mom,BlakkShadow777,direct,https://v.redd.it/bfr29ij03s631/DASH_480,dankvideos,
True,2.3977713584899902,,post_0058.mp4,4,c5wc3h,Deerfish,BlakkShadow777,direct,https://v.redd.it/eqzhnub2sr631/DASH_480,dankvideos,
True,3.10722279548645,,post_0059.mp4,10,c5ssxt,They sound so alike,LCT3,direct,https://v.redd.it/10px3gkvlq631/DASH_720,dankvideos,
True,4.868835210800171,,post_0060.mp4,22,c673td,"Y'all remember this fire ass track?!?! it got remixed, now ft. my boy (first time memer)",The__Shaggster,direct,https://v.redd.it/3m7vjmtp6x631/DASH_720,dankvideos,
False,6.138126611709595,clip_too_long,post_0061.mp4,134,c6clij,Re-Enactment of a MIRACLE that happened in line for coffee,TheRealAlanRickman,,https://www.youtube.com/watch?v=jK9YMfHfXF8,dankvideos,
True,12.391164779663086,,post_0062.mp4,15,c69ven,Crusajah (XXXTentacion x Crusader),Real_ODDIST,,https://youtu.be/6brySM2tdFs,dankvideos,
True,3.1810407638549805,,post_0063.mp4,9,c5py0o,What meme should I narrate next?,dankbob_memepants_,direct,https://v.redd.it/7g8uwldcfp631/DASH_480,dankvideos,
True,3.7976396083831787,,post_0064.mp4,17,c62ahp,I finally found a place to put this.,_Open_Your_Mind_,direct,https://v.redd.it/3zvpz38iku631/DASH_480,dankvideos,
False,6.094919204711914,clip_too_long,post_0065.mp4,97,c60qqp,"ehm guys, BAD NEWS! | *KINDA QUIRKY DOE!!!* !",ESKKETTITT,,https://youtu.be/VOa1kPoeH5o,dankvideos,
True,4.300728797912598,,post_0066.mp4,9,c619qj,UHHGHH,masonmyerss1,direct,https://v.redd.it/rpf4fs84zt631/DASH_1080,dankvideos,
True,2.674304485321045,,post_0067.mp4,8,c5uh37,One punch-man :T,D3lt4_SiX,direct,https://v.redd.it/rdyj3kol5r631/DASH_360,dankvideos,
True,14.921517372131348,,post_0068.mp4,27,c5epbw,What our tax dollars are going to,ImmaPooInYourAss,direct,https://v.redd.it/8zxcvewdbk631/DASH_720,dankvideos,
True,4.442229509353638,,post_0069.mp4,20,c5xm62,[Loud] get noob,spookybaker,direct,https://v.redd.it/8e4nt8eh8s631/DASH_720,dankvideos,
True,2.9021174907684326,,post_0070.mp4,9,c5yrao,[Loud] NANI,LudwigVonPhoenix,direct,https://v.redd.it/rxjehnhcqs631/DASH_720,dankvideos,
True,3.032626152038574,,post_0071.mp4,9,c60vje,Relatable (NSFW),DoctorCheif15,direct,https://v.redd.it/m3w1kqmlrt631/DASH_480,dankvideos,
True,4.441285133361816,,post_0072.mp4,20,c5qs1t,bucküí∏50ü§ë,masonmyerss1,direct,https://v.redd.it/r884b21gsp631/DASH_480,dankvideos,
True,2.3832039833068848,,post_0073.mp4,6,c5tudw,NSFWüò´ü§£,LCT3,direct,https://v.redd.it/l8b02do8yq631/DASH_360,dankvideos,
False,4.563940763473511,"error: youtube video unavailable, possably removed -- subprocess.CalledProcessError",post_0074.mp4,False,c61a2n,led robster,dogelaser,,https://archive.org/details/EBIRAHHORROROFTHEDEEP1966JapaneseVersionHD,dankvideos,
True,5.50195574760437,,post_0075.mp4,28,c5zwj5,Something stupid,Theprompedsummer,direct,https://v.redd.it/hcafhrx7at631/DASH_720,dankvideos,
True,2.996361017227173,,post_0076.mp4,8,c5ipik,Spectacular suicide prevention,_Krow_,direct,https://v.redd.it/z3n9ce50pl631/DASH_720,dankvideos,
False,5.65538763999939,clip_too_long,post_0077.mp4,1001,c5xlzf,"Waking up as a meme-hero | Andras ""Hide The Pain"" Arato's TED talk at TEDxKyiv",ashzeppelin98,,https://www.youtube.com/watch?v=FScfGU7rQaM,dankvideos,
True,3.2075421810150146,,post_0078.mp4,7,c5k5jf,I mean I would,Daddy-Corbs,direct,https://v.redd.it/o1nbpdvl9m631/DASH_720,dankvideos,
True,37.032492876052856,,post_0079.mp4,10,c5w3sb,Doggo gets attacked in minecraft,Doodlebear_YT,,https://youtu.be/O8lCeWFOJVA,dankvideos,
False,6.553131818771362,clip_too_long,post_0080.mp4,246,c5yona,"Traps are gay, Batman",ABedFullOfSorrow,,https://youtu.be/klJCWD1F6hE,dankvideos,
False,1.5438663959503174,error: reddit: un-beatable error,post_0081.mp4,10,c5vpr1,aw shit here we go again,punannimaster,direct,https://v.redd.it/xlo2ii2dkr631/DASH_480,dankvideos,
False,1.307615041732788,clip_too_long,post_0082.mp4,60,c5jzpk,¬ø?,D3lt4_SiX,direct,https://v.redd.it/3ckg4ftj7m631/DASH_360,dankvideos,
True,4.096164703369141,,post_0083.mp4,10,c5n4jt,Lmaooo,Stevenoo809,direct,https://v.redd.it/igd9v9g0sn631/DASH_1080,dankvideos,
True,6.021195650100708,,post_0084.mp4,21,c5m236,Get ‚ÄòEm Now,Iommi68,direct,https://v.redd.it/jupvur5c3n631/DASH_1080,dankvideos,
False,5.885190725326538,clip_too_long,post_0085.mp4,576,c5unca,Watching my old cringy flipnotes,OwenEpicBoy,,https://www.youtube.com/watch?v=44ObnlcKAb8,dankvideos,
False,5.82047438621521,clip_too_long,post_0086.mp4,113,c5ryzr,Vaas Bruh Moment,ahmadaba14,,https://youtu.be/MjpTjEGQANY,dankvideos,
False,1.2638144493103027,clip_too_long,post_0087.mp4,132,c5klp3,I could‚Äôve posted this from YouTube but i‚Äôd miss,PokemonLegacy6,direct,https://v.redd.it/xnajuz9igm631/DASH_1080,dankvideos,
False,6.020944833755493,"error: youtube video unavailable, possably removed -- subprocess.CalledProcessError",post_0088.mp4,False,c5w6d3,Woody actually kills people,The-3rd-Party,,https://youtu.be/HQYAhreDzJY,dankvideos,
False,6.4222307205200195,clip_too_long,post_0089.mp4,186,c5u05c,Joe Rogan goes INSANE with Bob Lazar,pinkbearwithahat,,https://youtu.be/qhLF_-_ETc0,dankvideos,
True,17.76424789428711,,post_0090.mp4,44,c5y0r4,Ricardo Milos: *exists* Me:,kalinkafox,,https://twitter.com/kalinkafox/status/1143964488313528322,dankvideos,
False,0.018398523330688477,postType==self,post_0091.mp4,0,c5uqv4,dank memes that will make you question your life,2mansquad,self,https://www.reddit.com/r/dankvideos/comments/c5uqv4/dank_memes_that_will_make_you_question_your_life/,dankvideos,[https://youtu.be/Nmp-rmY74MI](https://youtu.be/Nmp-rmY74MI)
True,3.2839863300323486,,post_0092.mp4,9,c5cwa7,:YYY,D3lt4_SiX,direct,https://v.redd.it/u4wzr4w5pj631/DASH_720,dankvideos,
True,45.064720153808594,,post_0093.mp4,19,c5j48p,Undertale Vsn,Muhsins_Cat,direct,https://v.redd.it/bozclthrul631/DASH_1080,dankvideos,
True,13.45618748664856,,post_0094.mp4,23,c5so1z,Ur mom gay,sponchboi,,https://youtu.be/senIpzg_cnE,dankvideos,
True,2.4710500240325928,,post_0095.mp4,4,c5s2tb,Yea id bee like that,rurugamet9,direct,https://v.redd.it/vzd5neambq631/DASH_720,dankvideos,
False,5.429286956787109,clip_too_long,post_0096.mp4,226,c5uufh,Cringey Brand Engagement,ahp_boost_bot,,https://www.youtube.com/watch?v=VmqVyw5EzOY,dankvideos,
True,13.306159496307373,,post_0097.mp4,33,c5ut2n,Patrick Fights Himself!,Moggyo,,https://www.youtube.com/watch?v=OGUV2-CAGNg,dankvideos,
False,5.985427141189575,"error: youtube video unavailable, possably removed -- subprocess.CalledProcessError",post_0098.mp4,False,c5rm3d,tfw you realize you just missed your chance of getting isekai'd üò≠üò≠,aynenconvaynen,,https://www.youtube.com/watch?v=M25PtfxOHmk&feature=youtu.be,dankvideos,
True,14.892507076263428,,post_0099.mp4,12,c5rhzy,Garbage Day!,Non_French_Sylvain,,https://youtu.be/C68BZ6pplgg,dankvideos,
False,0.0159909725189209,postType==self,post_0100.mp4,0,c5um05,wake the f**k up samurai roblox,killerkarrit69,self,https://www.reddit.com/r/dankvideos/comments/c5um05/wake_the_fk_up_samurai_roblox/,dankvideos, [https://www.youtube.com/watch?v=\_QVgNjx\_A\_o&feature=youtu.be](https://www.youtube.com/watch?v=_QVgNjx_A_o&feature=youtu.be)
True,2.463660955429077,,post_0101.mp4,9,c55lv1,:T,D3lt4_SiX,direct,https://v.redd.it/d9ryrqxjyg631/DASH_240,dankvideos,
True,12.048180103302002,,post_0102.mp4,6,c5tv0r,Nothing to see here,PunchingPred,,https://youtu.be/UKdT3kpDQYc,dankvideos,
True,2.8862192630767822,,post_0103.mp4,11,c5kbzt,A part of any nutritious breakfast,beclops,direct,https://v.redd.it/in182ayicm631/DASH_720,dankvideos,
False,5.8336262702941895,clip_too_long,post_0104.mp4,238,c5ss08,memes that keep me awake at night,draculavideos,,https://youtu.be/gaUj4kRruGo,dankvideos,
True,14.428448677062988,,post_0105.mp4,15,c5spls,W A Z O W S K I,sponchboi,,https://youtu.be/74MQN5rf22U,dankvideos,
True,6.528473138809204,,post_0106.mp4,16,c5gpj2,.,D3lt4_SiX,direct,https://v.redd.it/z395av6hxk631/DASH_480,dankvideos,
False,5.414163589477539,clip_too_long,post_0107.mp4,78,c5sgtb,Link Finds a Monster - Zelda in Real Life,retrosling,,https://youtu.be/ZUJKf0En91o,dankvideos,
False,6.604838132858276,clip_too_long,post_0108.mp4,368,c5rsxr,How to Build a Snowman,JakeKust,,https://youtu.be/uNkrBmUdOEc,dankvideos,
True,13.764160871505737,,post_0109.mp4,13,c5r5xi,BRUH MOMENT,metallica123446,,https://www.youtube.com/watch?v=LaipdchmFX8,dankvideos,
True,13.064832210540771,,post_0110.mp4,26,c5qdk1,pizza time üçïüçïüçï,tyler-williams-gb,,https://youtu.be/2TXOMPTemII,dankvideos,
True,13.13318920135498,,post_0111.mp4,6,c5n507,Welcome To The Wednesday,MITOLL,,https://www.youtube.com/watch?v=tv5ZXkhJhF4,dankvideos,
False,5.449936866760254,clip_too_long,post_0112.mp4,52,c5gfyq,uh oh,Walker1390,,https://www.youtube.com/watch?v=PPo9DVGCy5A,dankvideos,
False,5.827811002731323,clip_too_long,post_0113.mp4,87,c5j174,That's a spiritual spanking,Deals-in-Absolutes,,https://www.youtube.com/watch?v=iX241qrWHiQ,dankvideos,
True,5.946989297866821,,post_0114.mp4,21,c5e4xw,Ah Dat's Hot,scottfrizzell,direct,https://v.redd.it/ke6oggd8nnx21/DASH_1080,dankvideos,
False,6.189480304718018,"error: youtube video unavailable, possably removed -- subprocess.CalledProcessError",post_0115.mp4,False,c5nj1h,Watching the supercar of Vietnam giants Car Passion 2019 Lamborghini car giants in trouble,pin2017,,https://www.youtube.com/watch?v=0vjOhzTQQw4,dankvideos,
False,5.896626234054565,clip_too_long,post_0116.mp4,91,c5ixj0,Hottest and Sexiest scenes,The-3rd-Party,,https://youtu.be/QzbKajr2fwU,dankvideos,
True,6.162321329116821,,post_0117.mp4,28,c5d01j,I felt that shit,yyvener,direct,https://v.redd.it/s0mbbo0wqj631/DASH_480,dankvideos,
False,1.1802549362182617,clip_too_long,post_0118.mp4,48,c575cr,*+^monki=+_-,DankUrethra,direct,https://v.redd.it/jyxzs07hmh631/DASH_480,dankvideos,
True,12.720345258712769,,post_0119.mp4,28,c5gpe3,Pewdiepie did an oopsie,badgamergril,,https://youtu.be/7YKVpehRXgw,dankvideos,
True,4.553107261657715,,post_0120.mp4,10,c5fo76,An interesting title,yeetskeeteatmyfeet,direct,https://v.redd.it/jipjez6tlk631/DASH_1080,dankvideos,
False,5.999534606933594,clip_too_long,post_0121.mp4,615,c5kpvx,Squee-Zits Pimple Popping Fun Unicorn Warts,asmrgurll,,https://youtu.be/siF1nrE9ZLM,dankvideos,
False,0.016991376876831055,postType==self,post_0122.mp4,0,c5iwge,hank hill listens to propaganda,shyguysombero,self,https://www.reddit.com/r/dankvideos/comments/c5iwge/hank_hill_listens_to_propaganda/,dankvideos,"&#x200B;

[Nazi](https://reddit.com/link/c5iwge/video/5jjwlqlgrl631/player)"
False,0.026015758514404297,postType==self,post_0123.mp4,0,c5mnz8,Oh thank god there are only about 30k of you.,RanchMe,self,https://www.reddit.com/r/dankvideos/comments/c5mnz8/oh_thank_god_there_are_only_about_30k_of_you/,dankvideos,Its not an over populated shit hole like dankmemes became
True,2.758223533630371,,post_0124.mp4,7,c593sp,Nice,ErectileDysfunctiom,direct,https://v.redd.it/z6pf657bfi631/DASH_480,dankvideos,
True,3.80437970161438,,post_0125.mp4,23,c4w4kf,bear,ImmaPooInYourAss,direct,https://v.redd.it/gjugquxzgd631/DASH_480,dankvideos,
False,6.088366270065308,"error: youtube video unavailable, possably removed -- subprocess.CalledProcessError",post_0126.mp4,False,c5dtto,friends theme but you're always stuck in second gear,Cpaws,,https://youtu.be/bDvemDTKzpw,dankvideos,
True,2.9223151206970215,,post_0127.mp4,11,c5qmtz,rip,ggboy17,direct,https://v.redd.it/k4fz03gbqp631/DASH_360,dankvideos,
False,6.270104885101318,clip_too_long,post_0128.mp4,888,c5alwo,Drinking Laxatives And Super Gluing My Butthole Shut,Sneaky-walrus,,https://www.youtube.com/watch?v=TugRpPyN-Yc,dankvideos,
False,5.337964057922363,"error: youtube video unavailable, possably removed -- subprocess.CalledProcessError",post_0129.mp4,False,c5gntn,Ricardo Milos Broke Into My House,BensaadAymen,,https://youtu.be/d0CbNF1iW2I,dankvideos,
True,12.72008490562439,,post_0130.mp4,11,c5eejq,GIORNO VS DIAVOLO LEAKED!!!,TeamEliteBros,,https://www.youtube.com/watch?v=sTq459sra08,dankvideos,
True,12.955936431884766,,post_0131.mp4,15,c5avyd,Me and the boys prepping for a crusade,Real_ODDIST,,https://www.youtube.com/watch?v=xxufLAp35to,dankvideos,
True,12.696863174438477,,post_0132.mp4,21,c5dbod,Crab souls 3: The Finalie (MEME),FewRefuse,,https://youtu.be/tJCPu82X7CA,dankvideos,
False,5.523597955703735,clip_too_long,post_0133.mp4,683,c5bh06,Story of Sex workers who become fall in love to the customers,weardobwyn,,https://youtu.be/PULJtSzPn4M,dankvideos,
False,6.03557825088501,clip_too_long,post_0134.mp4,612,c5bb8t,CRINGY TIK TOK COMPILATION,mecagoentusvivos,,https://www.youtube.com/watch?v=fGypI4l3Lag,dankvideos,
False,6.924020528793335,"error: youtube video unavailable, possably removed -- subprocess.CalledProcessError",post_0135.mp4,False,c5bb1a,oof (reuploaded because youtube deleted),EskimoStonedd,,https://youtu.be/V1WvnArnTxQ,dankvideos,
True,12.425658464431763,,post_0136.mp4,6,c5duf7,When Tana Mongeau Tweets,RyanWhiteDude,,https://youtu.be/-9F8Gpvz920,dankvideos,
True,14.501320600509644,,post_0137.mp4,39,c5h46o,Thanos is Unbreakable,Lozarray,,https://www.youtube.com/watch?v=orJnGGHJapE,dankvideos,
False,5.908525705337524,clip_too_long,post_0138.mp4,137,c5em43,Tfue (This is F#CKING BULLSHIT Memes) Compilation,Qwer345,,https://youtu.be/NJEUq6TL09c,dankvideos,
False,6.32290506362915,clip_too_long,post_0139.mp4,53,c5b2yu,Different Variations for Stonks Sound Effect,ahmadaba14,,https://youtu.be/N5ApbLGMxfU,dankvideos,
False,6.1160032749176025,clip_too_long,post_0140.mp4,380,c5ak5d,Sonic Hoax? ANTIFA strikes again | Trust Us News Ep. 2,ShiverMeTimbsBruh,,https://youtu.be/LQzfPAR2MgM,dankvideos,
True,13.386232376098633,,post_0141.mp4,29,c58ei6,Everybody think they gangsta till jah starts fighting,sponchboi,,https://youtu.be/wvx65rMMMEo,dankvideos,
False,4.982062816619873,"error: youtube video unavailable, possably removed -- subprocess.CalledProcessError",post_0142.mp4,False,c5a4vt,hilarious,EskimoStonedd,,https://youtu.be/8fI7sJsU2Kw,dankvideos,
False,5.609891414642334,clip_too_long,post_0143.mp4,609,c537p5,"soldier, you ok?",Doc_of_derp,,https://www.youtube.com/watch?v=r-u4rA_yZTA,dankvideos,
True,15.3894784450531,,post_0144.mp4,7,c55f39,*horn noises*,Sad1stic_Panc4ke,direct,https://v.redd.it/fe9djwnovg631/DASH_1080,dankvideos,
True,3.383784532546997,,post_0145.mp4,12,c4grx6,When mom finds the poop storage,OwenD66,direct,https://v.redd.it/w4qcwa1yo7631/DASH_480,dankvideos,
True,12.771100282669067,,post_0146.mp4,37,c53anz,Are You Ready? - Steam Summer Sale 2019,AustinGoodenough,,https://www.youtube.com/watch?v=Sk1f8jw2VVU&feature=youtu.be,dankvideos,
True,13.585310220718384,,post_0147.mp4,23,c56wmy,Celtic heroes (the fallen king),memester24_7,,https://www.youtube.com/watch?v=NA6toqpGMeg,dankvideos,
False,6.107771158218384,clip_too_long,post_0148.mp4,159,c4qjui,5 Amazing and Insane facts #6 (oof),Bruh69Master420,,https://youtu.be/zK6C_bNpCKw,dankvideos,
True,5.180790185928345,,post_0149.mp4,42,c4qkfx,A vid I made :),ItSeemsLikeThat,direct,https://v.redd.it/n1rslhqfwb631/DASH_1080,dankvideos,
True,3.228919744491577,,post_0150.mp4,13,c5c80d,ToO SoON,Big-Uzi-Hert,direct,https://v.redd.it/9mw9byophj631/DASH_360,dankvideos,
True,2.9863946437835693,,post_0151.mp4,16,c4lvph,I love school,almeida_zeturbo,direct,https://v.redd.it/2t5ij3wlfa631/DASH_360,dankvideos,
False,5.656844139099121,clip_too_long,post_0152.mp4,535,c4s4q5,dammmmmn,EskimoStonedd,,https://youtu.be/Cwt8vC-zkQc,dankvideos,
True,4.9680399894714355,,post_0153.mp4,24,c43kn9,Cha Cha real smooth,tjfxw,direct,https://v.redd.it/h9vcvwpxj3631/DASH_1080,dankvideos,
True,6.054240942001343,,post_0154.mp4,36,c4lvfq,[NSFW] Johntron is getting tired of bad porn plots,Nikolai001,direct,https://v.redd.it/gb675bxjfa631/DASH_720,dankvideos,
True,4.072201251983643,,post_0155.mp4,15,c4j2k4,[Loud] I live for these moments,Nikolai001,direct,https://v.redd.it/k2799badw8631/DASH_480,dankvideos,
True,12.426072120666504,,post_0156.mp4,5,c4rc9k,It's Time For The Daily Duel,Valeforeknight,,https://www.youtube.com/watch?v=7Jqrhv8qRmM,dankvideos,
True,12.589289426803589,,post_0157.mp4,17,c4unvt,Dating in 2K19 got me like,The-3rd-Party,,https://youtu.be/I_0Rj3u3kcA,dankvideos,
True,13.048176765441895,,post_0158.mp4,10,c4u3l2,Duck Kart,Cakred,,https://twitter.com/Caktler/status/1143186486784942080,dankvideos,
True,3.153864860534668,,post_0159.mp4,15,c4dbr0,You have died,YaYeetBuckeroo,direct,https://v.redd.it/e4wxsinlm6631/DASH_360,dankvideos,
False,5.899850845336914,clip_too_long,post_0160.mp4,143,c4slc4,I just found this and im crying xD,iReticle,,https://www.youtube.com/watch?v=QLvDS_9zOHw,dankvideos,
False,4.958696603775024,"error: youtube video unavailable, possably removed -- subprocess.CalledProcessError",post_0161.mp4,False,c4jy0t,The single greatest video hosted on YouTube till date.,trololololololol9,,https://youtu.be/hWhtPsKweGw,dankvideos,
False,6.219330310821533,clip_too_long,post_0162.mp4,711,c4o5l0,Tattoo Artists Are Tired Of Doing Horrible Design,Markollins,,https://youtu.be/wBpGuw5iWfA,dankvideos,
False,6.355153560638428,clip_too_long,post_0163.mp4,161,c4atrg,5 Amazing and Insane facts #5 (bruh),Bruh69Master420,,https://youtu.be/aMfahzIsO6U,dankvideos,
True,13.105550289154053,,post_0164.mp4,14,c4royr,Ah shit here we go again [PITCH SHIFTER],limezenightcore,,https://www.youtube.com/watch?v=YYnTonOSzIk,dankvideos,
False,6.378463983535767,"error: youtube video unavailable, possably removed -- subprocess.CalledProcessError",post_0165.mp4,False,c4rdv4,"I made ""A Star is Born"" in The Movies. *this is the real edit of the movie*",fcoleorom,,https://youtu.be/7cjohTuBdV0,dankvideos,
False,5.641963958740234,clip_too_long,post_0166.mp4,654,c4qcso,Perfectly cut screams compilation 3,mecagoentusvivos,,https://www.youtube.com/watch?v=tuBbAAJJaSI,dankvideos,
False,6.389971017837524,clip_too_long,post_0167.mp4,751,c4px6q,Dank Meme Compilation (2019) Drop a subscribe :),Material_Imagination,,https://youtu.be/_Kjfr4jLEsU,dankvideos,
True,16.14202570915222,,post_0168.mp4,11,c4j8pm,The motherfu**ing pigeon,beckett_the_horse,direct,https://v.redd.it/nf6dln4rz8631/DASH_720,dankvideos,
True,12.350257873535156,,post_0169.mp4,4,c4p6um,FART,metallica123446,,https://www.youtube.com/watch?v=VVn3btOtb7Y&feature=youtu.be,dankvideos,
False,5.293838739395142,clip_too_long,post_0170.mp4,144,c4ovtr,Homer Simpson in: Kidney Trouble - Alternate Ending,darksimpsons21,,https://www.youtube.com/watch?v=qZFWkB9Q6X4,dankvideos,
True,2.425762414932251,,post_0171.mp4,6,c4g1r1,Release the damn contract,Big-Uzi-Hert,direct,https://v.redd.it/dreooqxwf7631/DASH_360,dankvideos,
True,13.083756923675537,,post_0172.mp4,14,c4n1a8,Thanks invades the kitchen,TivorSolo,,https://m.youtube.com/watch?v=BX8imwwAS4o,dankvideos,
False,6.045721054077148,clip_too_long,post_0173.mp4,133,c4miw6,Bill Nye The Not a Real Scientist Guy,Sa-ha-gin,,https://youtu.be/3r5A2a84u9I,dankvideos,
False,6.46762490272522,clip_too_long,post_0174.mp4,321,c4jxul,Travelling to the Longest Sea Beach in the World- Cox Bazar,Mysteriousglobe1,,https://www.youtube.com/watch?v=T46wSAY1bsE,dankvideos,
True,11.625175952911377,,post_0175.mp4,10,c3y8vu,I wish I had a dad,YaboiCrispyMemes,direct,https://v.redd.it/wxsedz8ms0631/DASH_720,dankvideos,
False,1.254281997680664,clip_too_long,post_0176.mp4,47,c47gsk,[Loud] Patrick has a great idea,Nikolai001,direct,https://v.redd.it/b7z62yj4x4631/DASH_480,dankvideos,
False,0.012988805770874023,postType==self,post_0177.mp4,0,c4l5td,FRESH MEMES OUT OF THE FRIDE BOYS,247music,self,https://www.reddit.com/r/dankvideos/comments/c4l5td/fresh_memes_out_of_the_fride_boys/,dankvideos,
True,15.85886025428772,,post_0178.mp4,19,c4j05g,Mary Ham is Poppy Gloria,Chickenlegpotatocorn,,https://www.youtube.com/attribution_link?a=jlEtyUSqYaQ&u=%2Fwatch%3Fv%3DlDSyfXszobo%26feature%3Dshare,dankvideos,
False,5.6356565952301025,clip_too_long,post_0179.mp4,46,c4ffjr,Life is difficult,squarecircle666,,https://youtu.be/hbHzDJcu8tM,dankvideos,
True,13.586805582046509,,post_0180.mp4,15,c4hvqj,imperfectly cut minecraft scream,crusty_lemon,,https://youtu.be/eLJh2wX_Cd4,dankvideos,
True,12.712378025054932,,post_0181.mp4,14,c4eg8r,Super Mario doggo,Doodlebear_YT,,https://youtu.be/iqrhB_YXx7w,dankvideos,
False,6.0603203773498535,"error: youtube video unavailable, possably removed -- subprocess.CalledProcessError",post_0182.mp4,False,c4jh8w,OOFED UP,fnz6kelyeo6e,,https://youtu.be/-COxzM-Rq5Q,dankvideos,
True,14.209762334823608,,post_0183.mp4,39,c4dpqn,"felt cute, might delete later",FlyingNikoo,,https://www.youtube.com/watch?v=sdJPqa6pDRA&feature=youtu.be,dankvideos,
False,5.869951963424683,clip_too_long,post_0184.mp4,62,c4d6pv,[loud] what do you want from me,thenoblestchair,,http://youtu.be/k4Bsq9XnvdY,dankvideos,
False,5.889653444290161,"error: youtube video unavailable, possably removed -- subprocess.CalledProcessError",post_0185.mp4,False,c4hu64,illegal memes playlist,notweirdd,,https://www.youtube.com/watch?v=_HHvv1c8BzA,dankvideos,
False,6.019672393798828,"error: youtube video unavailable, possably removed -- subprocess.CalledProcessError",post_0186.mp4,False,c4bux6,Meanwhile in Ireland,pinkbearwithahat,,https://youtu.be/UZv7V7FSmMA,dankvideos,
True,12.7269606590271,,post_0187.mp4,12,c4ddxg,Mumble Has A Vietnam Flashback.....,ElectricStormtrooper,,https://youtu.be/s4IZipNIw38,dankvideos,
True,4.668063402175903,,post_0188.mp4,30,c3p11j,1000 IQ,JekPossom,direct,https://v.redd.it/bcq8up8ngw531/DASH_360,dankvideos,
True,10.50462007522583,,post_0189.mp4,4,c4g7a6,"Demonize them then kill them! Then,",shihanabi,,https://clips.twitch.tv/DrabPoisedIguanaKappaPride,dankvideos,
True,12.42548131942749,,post_0190.mp4,2,c43zpz,Ahhh shit,CSpistol77,,https://www.youtube.com/watch?v=Wab-wnw7yBo,dankvideos,
False,5.86875581741333,clip_too_long,post_0191.mp4,435,c4d0r2,and i opp,simplekelia,,https://youtu.be/2PiwUrKAViA,dankvideos,
True,4.076938152313232,,post_0192.mp4,16,c402vm,Woah.,PAIDH-FKAPJWBBTO,direct,https://v.redd.it/s3kfua7wt1631/DASH_720,dankvideos,
True,3.2600183486938477,,post_0193.mp4,7,c3vzw0,Now watch me whip,Bean_Flavoured_Gum,direct,https://v.redd.it/6n3s1v13oz531/DASH_480,dankvideos,
True,4.443349361419678,,post_0194.mp4,29,c3ly36,Dankest of dank,fishkingdude,direct,https://v.redd.it/uiwqw91aju531/DASH_720,dankvideos,
True,13.98082423210144,,post_0195.mp4,23,c3zsm3,Pe-nos,Mucho_Coffee,,https://www.youtube.com/watch?v=zGMpzQhPyvk,dankvideos,
True,4.846644163131714,,post_0196.mp4,10,c3vaes,-leaked footage of Deadpool 3 opening scene-,ZenInHiding,direct,https://v.redd.it/5ie9awu3cz531/DASH_1080,dankvideos,
False,5.855379104614258,clip_too_long,post_0197.mp4,308,c441fx,Memes that make dance better than Ricardo Milos,Qwer345,,https://www.youtube.com/watch?v=8YIBY7GfQ1g&t=5s,dankvideos,
True,13.059835195541382,,post_0198.mp4,27,c419b7,"Wake up, Minecrafter",--YC99,,https://www.youtube.com/watch?v=MA7qPO__gjA,dankvideos,
False,5.9819488525390625,clip_too_long,post_0199.mp4,125,c3u81l,5 Amazing and Insane facts #3 (kringe),ESKKETTITT,,https://youtu.be/IKMNE02dC14,dankvideos,
True,12.2981276512146,,post_0200.mp4,29,c46o8d,Ryan Bergara says February 50x,CaDeky,,https://youtu.be/Cpey-amxtns,dankvideos,
False,5.911687850952148,"error: youtube video unavailable, possably removed -- subprocess.CalledProcessError",post_0201.mp4,False,c418fm,EU4 Be Like,Real_ODDIST,,https://www.youtube.com/watch?v=icz-hLAehM0&t=,dankvideos,
False,5.858970880508423,"error: youtube video unavailable, possably removed -- subprocess.CalledProcessError",post_0202.mp4,False,c3zlpe,Minecraft AR (I get bored easily),Mucho_Coffee,,https://www.youtube.com/watch?v=QoQHNJ1HSUA,dankvideos,
False,1.1929523944854736,clip_too_long,post_0203.mp4,60,c3pest,Cock it!,chikeennuget,direct,https://v.redd.it/m24arsleow531/DASH_480,dankvideos,
False,6.0270185470581055,clip_too_long,post_0204.mp4,144,c3u6dh,5 Amazing and Insane facts #4 (crazy),ESKKETTITT,,https://youtu.be/et32zVcMkGY,dankvideos,
False,6.30086088180542,clip_too_long,post_0205.mp4,106,c3z55d,The Notorious B.I.G. - bad guy,Montrax,,https://www.youtube.com/watch?v=dd5_HLWn-SQ,dankvideos,
True,3.8295600414276123,,post_0206.mp4,13,c3vvpx,Found a video and clipped this spicy meme out of it,Galayeet,direct,https://v.redd.it/e1rtb5xxlz531/DASH_1080,dankvideos,
True,3.535918951034546,,post_0207.mp4,5,c3q2xb,[LOUD] you make me poco locoooo,chikeennuget,direct,https://v.redd.it/kkxi3a0b0x531/DASH_480,dankvideos,
False,0.015990734100341797,postType==self,post_0208.mp4,0,c42djm,Hmm,Cobra_2o1o,self,https://www.reddit.com/r/dankvideos/comments/c42djm/hmm/,dankvideos, [https://www.youtube.com/watch?v=E\_qUNR6DkvE](https://www.youtube.com/watch?v=E_qUNR6DkvE)
True,3.7982177734375,,post_0209.mp4,36,c3pzaj,Fuck the beach lets go to canada,chikeennuget,direct,https://v.redd.it/mlx0p8xoyw531/DASH_240,dankvideos,
False,5.529471158981323,clip_too_long,post_0210.mp4,795,c3zzr1,Roasting Your Ugly Pets,JeanMaximeTouzel,,https://youtu.be/F3DftnbBtG0,dankvideos,
False,1.182016372680664,clip_too_long,post_0211.mp4,79,c3uchj,All those racks were sure to unleash the beast,thetechie02,direct,https://v.redd.it/uow7g6w0wy531/DASH_1080,dankvideos,
False,6.344207763671875,clip_too_long,post_0212.mp4,547,c3xdeb,A Goons Guide!,Itsthegnome,,https://www.youtube.com/watch?v=4psMTAg4Th0&t=10s,dankvideos,
True,8.52402925491333,,post_0213.mp4,7,c3v7j3,I can explain,warrennsmith,direct,https://v.redd.it/ozjupbuxaz531/DASH_720,dankvideos,
True,3.535848617553711,,post_0214.mp4,17,c3rg5s,The proudest fap of my life,dankbob_memepants_,direct,https://v.redd.it/4sgw8ui6mx531/DASH_360,dankvideos,
True,2.997205972671509,,post_0215.mp4,11,c3q67s,Yum,chikeennuget,direct,https://v.redd.it/yvmril6u1x531/DASH_480,dankvideos,
False,6.7565507888793945,clip_too_long,post_0216.mp4,214,c3xtxc,Will The VIA Logo Hit The Corner!?!?,ItDoesntFeelLikeAWed,,https://www.youtube.com/watch?v=a2UIY1UKzrQ,dankvideos,
True,12.811202049255371,,post_0217.mp4,15,c3w38v,kids in your class make fun of you while you listen to music(ASMR),Walter347,,https://www.youtube.com/watch?v=7CCTGRJMJ3s,dankvideos,
False,1.5447523593902588,error: reddit: un-beatable error,post_0218.mp4,10,c3oghv,Old gold,BBQlad,direct,https://v.redd.it/f45v4uyl4w531/DASH_240,dankvideos,
True,5.109836101531982,,post_0219.mp4,29,c39hsp,This is beyond science,R_OND_O,direct,https://v.redd.it/rck01q9t4p531/DASH_480,dankvideos,
False,6.014108657836914,clip_too_long,post_0220.mp4,236,c3sx37,Lil Nas X Panini But Im Screaming The Lyrics,William2626,,https://youtu.be/0W2i4M3AbKs,dankvideos,
True,14.784132719039917,,post_0221.mp4,29,c3tztr,Lil Nas X - Panini COVER except i have only heard the song once and i cant sing,rob3rrt,,https://www.youtube.com/watch?v=ILDz94FlCe8&feature=youtu.be,dankvideos,
True,4.046458721160889,,post_0222.mp4,22,c3nhc0,Wholesome meme,beatmepapi,direct,https://v.redd.it/h8gcx1mthv531/DASH_480,dankvideos,
False,6.1424720287323,clip_too_long,post_0223.mp4,680,c3q8ng,When Did You Realise You Weren't A CHILD Anymore? Here's the story,Markollins,,https://www.youtube.com/watch?v=CstNwagBi2k,dankvideos,
False,6.573707103729248,clip_too_long,post_0224.mp4,60,c3rl4t,Youtubers cry at the same time for 1 minute,ahmadaba14,,https://youtu.be/5h31-LghfKg,dankvideos,
True,12.60238265991211,,post_0225.mp4,12,c3o6y1,jammin,baldsuperman,,https://www.youtube.com/watch?v=CpletvQ_s5I,dankvideos,
False,1.4771556854248047,error: reddit: un-beatable error,post_0226.mp4,11,c3mrup,"""Raindrops keep falling on my head""",TubbyMcJiggly,direct,https://v.redd.it/6c0g9gpy0v531/DASH_240,dankvideos,
False,6.004947185516357,"error: youtube video unavailable, possably removed -- subprocess.CalledProcessError",post_0227.mp4,False,c3v505,Just epic,toktik2,,https://www.youtube.com/watch?v=klfO3f1Ra0c,dankvideos,
False,5.970047235488892,clip_too_long,post_0228.mp4,461,c3uqm4,Remember P.E?,D3lton,,https://www.youtube.com/watch?v=s11DgA9LrIs,dankvideos,
False,6.326606273651123,clip_too_long,post_0229.mp4,232,c3uptv,The next Gangnam Style! #DanceCraze #DanceMeme,PiggyOnReddit,,https://www.youtube.com/watch?v=MIeKtgQHGrg,dankvideos,
False,6.568342685699463,clip_too_long,post_0230.mp4,76,c3u6kg,Epic Editing,mrozowska,,https://youtu.be/TnpKkrol4bc,dankvideos,
True,12.860153198242188,,post_0231.mp4,15,c3tyo0,Shut the fuck up.,Emimili0,,https://youtu.be/8SmNOki50WM,dankvideos,
True,3.1108758449554443,,post_0232.mp4,6,c3lm1u,Give me back my Xbox,lebeanlord,direct,https://v.redd.it/asmrfe9jcu531/DASH_480,dankvideos,
True,6.648141384124756,,post_0233.mp4,18,c3ju83,My first post,Spacest_Dankest,direct,https://v.redd.it/nr9cgdsfft531/DASH_480,dankvideos,
True,12.676867008209229,,post_0234.mp4,26,c3t345,Vsauce knows whats in the Fridge *Warning Knowledge*,The-3rd-Party,,https://youtu.be/Uhig7LnPioU,dankvideos,
True,3.1860663890838623,,post_0235.mp4,12,c3hk76,Did you just tech deck my shoe?,thehumorvault,direct,https://v.redd.it/1ype7ndjes531/DASH_480,dankvideos,
True,3.852079391479492,,post_0236.mp4,12,c3r8u9,BaTtLe RoYAl,Muhsins_Cat,direct,https://v.redd.it/s3uelf62jx531/DASH_480,dankvideos,
True,6.683332204818726,,post_0237.mp4,44,c3im7q,Cotton eye joe.,chikeennuget,direct,https://v.redd.it/697vnej0vs531/DASH_480,dankvideos,
False,6.349756956100464,"error: youtube video unavailable, possably removed -- subprocess.CalledProcessError",post_0238.mp4,False,c3o74x,Yooooouuu and meeeee,DaddyThanos6911,,https://youtu.be/7TiApWT6WNE,dankvideos,
True,3.5609357357025146,,post_0239.mp4,12,c3ekmt,Wut de faq,ash_bosh,direct,https://v.redd.it/66q3wlgg8r531/DASH_480,dankvideos,
True,30.54697322845459,,post_0240.mp4,15,c3bpwl,Fucking dumb ass bowser,Muhsins_Cat,direct,https://v.redd.it/s1jqi0c66q531/DASH_1080,dankvideos,
True,2.677638292312622,,post_0241.mp4,16,c3bb60,üîäüîä,megis_on_hyvaa,direct,https://v.redd.it/3csrvprwlp531/DASH_240,dankvideos,
False,1.2473828792572021,clip_too_long,post_0242.mp4,73,c3akhh,Shrek's Dank Kush,chikeennuget,direct,https://v.redd.it/v9rv3c8vop531/DASH_480,dankvideos,
True,2.7749903202056885,,post_0243.mp4,6,c3fkeb,Bruh...,Kristjan2809,direct,https://v.redd.it/che15px1mr531/DASH_1080,dankvideos,
True,6.1166369915008545,,post_0244.mp4,31,c3atxp,MAMA MIA,Muhsins_Cat,direct,https://v.redd.it/uf3pql39tp531/DASH_480,dankvideos,
True,2.7394869327545166,,post_0245.mp4,7,c2ukzy,Bruh.mp4,Vexal721,direct,https://v.redd.it/lxygjtoesh531/DASH_480,dankvideos,
True,11.958781242370605,,post_0246.mp4,35,c3esch,Lmao it's TRUE,memeslayer246,,https://youtu.be/Wdi4MFA7ODA,dankvideos,
True,3.222416400909424,,post_0247.mp4,23,c3cwtq,Hoes mad x24 (idk why this is sideways),ramckendry,direct,https://v.redd.it/83i97uu7mq531/DASH_360,dankvideos,
True,3.0922067165374756,,post_0248.mp4,6,c3bob5,Gay,Muhsins_Cat,direct,https://v.redd.it/2jclzjql5q531/DASH_1080,dankvideos,
True,3.367385149002075,,post_0249.mp4,6,c3b34k,E,Muhsins_Cat,direct,https://v.redd.it/6c55qs15xp531/DASH_1080,dankvideos,
False,6.534200429916382,clip_too_long,post_0250.mp4,281,c3dcg7,Dime Bag Devin,JakeKust,,https://youtu.be/6NOTeIRId84,dankvideos,
True,13.611791849136353,,post_0251.mp4,10,c3d9jt,stonks but it's 3d,Ant0ni24,,https://youtu.be/l9D174ojtBI,dankvideos,
False,5.570212125778198,clip_too_long,post_0252.mp4,200,c3aogk,This is truly one of the greatest pieces of modern art. History will remember.,jhonatanhern,,https://www.youtube.com/watch?v=T5lQL1QTV7c&c=un,dankvideos,
False,6.131053447723389,clip_too_long,post_0253.mp4,185,c3erck,Sweet but Psycho & Won't Hit Those Notes Meme,limezenightcore,,https://youtu.be/1LF_Cz1v0v4,dankvideos,
False,5.71590518951416,clip_too_long,post_0254.mp4,102,c3bkec,Bart Runs Away,darksimpsons21,,https://www.youtube.com/watch?v=zQ7XSRa1a-U,dankvideos,
False,6.1299498081207275,"error: youtube video unavailable, possably removed -- subprocess.CalledProcessError",post_0255.mp4,False,c3egyj,meme dose that cure your depression for free,notweirdd,,https://www.youtube.com/watch?v=wfbuXPMKLKQ,dankvideos,
True,12.72156310081482,,post_0256.mp4,8,c3e6mx,IT'S BEAUTIFUL,mr_notsocreative,,https://youtu.be/mhxrAB10zYM,dankvideos,
False,5.678419828414917,clip_too_long,post_0257.mp4,97,c3e0tr,plz make this a meme.,streamer_BTW_124,,https://www.youtube.com/watch?v=m_Rx5qRlt8Y,dankvideos,
True,12.298932552337646,,post_0258.mp4,8,c3d6mn,Alex Jones runs behind a Japanese girl,ahmadaba14,,https://youtu.be/CeXMuWVw_hk,dankvideos,
False,5.922574996948242,clip_too_long,post_0259.mp4,81,c3c9t7,Games have finally gone too far...,Dinos_Spumoni,,https://youtu.be/x1xs4DwAmrg,dankvideos,
True,11.18366003036499,,post_0260.mp4,6,c34l7c,Outdated and overated,ivanjackonaugh,direct,https://v.redd.it/pcsrzwx29m531/DASH_1080,dankvideos,
True,12.90068793296814,,post_0261.mp4,15,c361q1,What do you want to be when you grow up?,specify_,,https://www.youtube.com/watch?v=UBSi3iDrbMk,dankvideos,
False,5.471691846847534,"error: youtube video unavailable, possably removed -- subprocess.CalledProcessError",post_0262.mp4,False,c38a3a,Memes That Make Woody Giggle,DaddyThanos6911,,https://youtu.be/id5rPYeuQT0,dankvideos,
False,6.308175802230835,clip_too_long,post_0263.mp4,123,c2wufe,5 Amazing and Insane facts,Bruh69Master420,,https://youtu.be/Gq0_gjULcMk,dankvideos,
True,13.227294445037842,,post_0264.mp4,21,c3876w,hitler teacher vs student on gender,sargonofatank,,https://www.youtube.com/watch?v=S8ClHMNXats&feature=youtu.be,dankvideos,
True,13.895394086837769,,post_0265.mp4,15,c39u9l,cobolts spinnar ft subzero battlebots,sargonofatank,,https://youtu.be/J9d6kWX5AbI,dankvideos,
False,5.956144094467163,"error: youtube video unavailable, possably removed -- subprocess.CalledProcessError",post_0266.mp4,False,c394qk,battlebots death roll spinning around,sargonofatank,,https://www.youtube.com/watch?v=doSFNrjFqcA&feature=youtu.be,dankvideos,
True,13.326889991760254,,post_0267.mp4,26,c35d0e,Patrick Hates This Channel - Ricardo Meme,RealDankMemeGod,,https://www.youtube.com/watch?v=HI0IcFI7cI4&feature=youtu.be,dankvideos,
False,6.169115304946899,clip_too_long,post_0268.mp4,459,c38uph,ASMR Lotion And Shaving Foam On Microphone,asmrgurll,,https://youtu.be/84lZiXBYpZw,dankvideos,
False,6.187536954879761,"error: youtube video unavailable, possably removed -- subprocess.CalledProcessError",post_0269.mp4,False,c38u7c,The terminator Arnold Schwarzenegger assaults flying kick mans legs with his back,sargonofatank,,https://www.youtube.com/watch?v=jEEi0XF7oY8&feature=youtu.be,dankvideos,
True,12.884683847427368,,post_0270.mp4,12,c35ufj,"""You're a poopy head"" meme",RealDankMemeGod,,https://www.youtube.com/watch?v=zQNa3S_yD40&feature=youtu.be,dankvideos,
False,1.3212463855743408,clip_too_long,post_0271.mp4,119,c2n035,"Reality is often disappointing, that is was",Jurassichunter98,direct,https://v.redd.it/6xjriffksd531/DASH_1080,dankvideos,
True,13.174556493759155,,post_0272.mp4,13,c38k5u,bork bork gets his nom noms piano man,sargonofatank,,https://www.youtube.com/watch?v=BTT7RVPZ6Kw&feature=youtu.be,dankvideos,
True,13.905044078826904,,post_0273.mp4,42,c33uqi,This one is for all the Nintendo/Zelda fans out there,OneTrueHermit,,https://youtu.be/Uk9bEFxD2QA,dankvideos,
True,13.326500177383423,,post_0274.mp4,18,c2zvgw,There's a Thot In My Fridge!,RadicalOne95,,https://www.youtube.com/watch?v=9ZKWgCzO110,dankvideos,
True,8.212072849273682,,post_0275.mp4,31,c2xdmf,Mexican Avengers Assemble!,OneGassyNacho,direct,https://v.redd.it/yku7emuh4j531/DASH_1080,dankvideos,
False,6.754964113235474,clip_too_long,post_0276.mp4,695,c379nw,Hi Sisters,Dreidalus,,https://youtu.be/S2M0jaoIups,dankvideos,
False,6.545212984085083,clip_too_long,post_0277.mp4,217,c34zqp,A Sunny Day,davidquach101332,,https://www.youtube.com/watch?v=Re9MLMpy4nY&feature=youtu.be,dankvideos,
False,6.148113489151001,"error: youtube video unavailable, possably removed -- subprocess.CalledProcessError",post_0278.mp4,False,c36yqg,They oppressing my boy moyai üòî,sklepticc,,https://www.youtube.com/watch?v=QbEBvtpD_H0,dankvideos,
False,6.038658857345581,clip_too_long,post_0279.mp4,217,c36oki,just ur average day,davidquach101332,,https://www.youtube.com/watch?v=Re9MLMpy4nY&t=40s,dankvideos,
False,5.465986013412476,clip_too_long,post_0280.mp4,166,c36ey6,ASMR Belly Dancing With Coin Hip Scarf,asmrgurll,,https://youtu.be/prZMHe8aYiQ,dankvideos,
False,5.392427444458008,clip_too_long,post_0281.mp4,128,c2y7yl,Perfectly cut screams Electroboom edition,mecagoentusvivos,,https://www.youtube.com/watch?v=mSU_NVQ3RbA,dankvideos,
True,3.653944253921509,,post_0282.mp4,16,c2w6y8,My first home cooked meme.,chikeennuget,direct,https://v.redd.it/uanc9lgnmi531/DASH_480,dankvideos,
False,6.116087436676025,clip_too_long,post_0283.mp4,92,c3364g,Meme complation v4,bbb_squad,,https://www.youtube.com/watch?v=cHShX7Z_y_4&feature=youtu.be,dankvideos,
False,0.011980772018432617,postType==self,post_0284.mp4,0,c359t8,"""Niggers""",RyuRyuBunny,self,https://www.reddit.com/r/dankvideos/comments/c359t8/niggers/,dankvideos,"&#x200B;

https://reddit.com/link/c359t8/video/m2q8onkzkm531/player"
False,5.6769819259643555,"error: youtube video unavailable, possably removed -- subprocess.CalledProcessError",post_0285.mp4,False,c358sq,Epic Vs Steam Battle [Meme Video],OverkillLabs,,https://youtu.be/VvNu3NlE8tE,dankvideos,
True,3.6607515811920166,,post_0286.mp4,11,c2s0b4,GOTTA GO FAST,ThrOmbosisDUd3,direct,https://v.redd.it/uc2jw7az5g531/DASH_720,dankvideos,
True,14.299771308898926,,post_0287.mp4,31,c34suk,"Aw Bart, I can't belive you did this",RealDankMemeGod,,https://www.youtube.com/watch?v=-FLZyOmaaeI&feature=youtu.be,dankvideos,
True,13.173608303070068,,post_0288.mp4,7,c2vyrg,Spongebob yelling at Mr. Krabs angrily in German,pokemango06,,https://youtu.be/h61V46ILgKY,dankvideos,
True,3.316711902618408,,post_0289.mp4,18,c2h8mo,I only speak the truth,dankbob_memepants_,direct,https://v.redd.it/91w7e089hb531/DASH_360,dankvideos,
False,5.695470571517944,"error: youtube video unavailable, possably removed -- subprocess.CalledProcessError",post_0290.mp4,False,c30ffn,Florida Robot shot in the head complains about headache (Boston Dynamics),mariusci,,https://youtu.be/Tl0KKyV5G84,dankvideos,
False,5.782238721847534,clip_too_long,post_0291.mp4,681,c306yi,SEX Workers Shares Having Grossest Customer,sownderraw,,https://www.youtube.com/watch?v=b6q4AuAkiiw,dankvideos,
True,13.235949516296387,,post_0292.mp4,43,c2yfo0,Achilles vs Hector,Non_French_Sylvain,,https://youtu.be/z4-85J8zkMQ,dankvideos,
False,0.017991304397583008,postType==self,post_0293.mp4,0,c34wy4,I Eat PepperMint Candies And Drank Ice Water |This Is What Happen üò¨,coll007,self,https://www.reddit.com/r/dankvideos/comments/c34wy4/i_eat_peppermint_candies_and_drank_ice_water_this/,dankvideos,"Fun Challenge 
https://www.youtube.com/watch?v=aDbOBefeslI"
True,12.517328262329102,,post_0294.mp4,6,c2xonc,Alex Jones plays Run on Coolmath,sponchboi,,https://youtu.be/3wH4ImYefCM,dankvideos,
False,5.869660377502441,clip_too_long,post_0295.mp4,631,c31tvh,Me and The Boys Breaking ToonTown at 2am,sponchboi,,https://www.youtube.com/watch?v=4x9MqneCybU,dankvideos,
True,40.54769945144653,,post_0296.mp4,23,c2snbf,Lil boat can‚Äôt do decent rhymes.,Stevenoo809,direct,https://v.redd.it/f3us6gdmjg531/DASH_720,dankvideos,
False,6.061113119125366,clip_too_long,post_0297.mp4,199,c30nk4,Phineas and Ferb (104 Days Memes) Compilation,Qwer345,,https://www.youtube.com/watch?v=upXPMyVL9ZA&t=11s,dankvideos,
True,12.981312990188599,,post_0298.mp4,18,c304ov,And i ooooooooofff,DaddyThanos6911,,https://youtu.be/e2kEU4hBjbM,dankvideos,
True,11.981539726257324,,post_0299.mp4,7,c2tjwi,Yeet,hobgoblin02,,https://youtu.be/ohjkHqZwWXU,dankvideos,
False,6.016327381134033,"error: youtube video unavailable, possably removed -- subprocess.CalledProcessError",post_0300.mp4,False,c2zj3j,Dance party with Steve (WARNING:TO DANK FOR NORMIES),littlefaggot78,,https://m.youtube.com/watch?v=LdCY4_X5p34,dankvideos,
True,13.99632215499878,,post_0301.mp4,33,c2z4jr,When Captain Marvel Gets Recasted In an Alternate Universe,Wedgieee,,https://youtu.be/pbrepgPpzwM,dankvideos,
True,3.8454041481018066,,post_0302.mp4,8,c2jsdy,That‚Äôs how rob does it,Muhsins_Cat,direct,https://v.redd.it/tptbww5jjc531/DASH_1080,dankvideos,
False,5.35723876953125,clip_too_long,post_0303.mp4,397,c2utjg,Mac Cosmetics Lipstick Application And Kisses ASMR,asmrgurll,,https://youtu.be/7PkiigXqYCc,dankvideos,
True,4.851547956466675,,post_0304.mp4,30,c2og4n,Reactor 4 does the Harlem Shake,Sundyna,direct,https://v.redd.it/io8ltvlvee531/DASH_360,dankvideos,
False,6.255717039108276,clip_too_long,post_0305.mp4,110,c2kef9,Racist Strawberry!,Bruh69Master420,,https://youtu.be/34we1gN-pCY,dankvideos,
True,13.72368049621582,,post_0306.mp4,27,c2xvxd,Dogga Scooby Doo,ahmadaba14,,https://youtu.be/wQqIcdjU8xU,dankvideos,
False,6.129307508468628,clip_too_long,post_0307.mp4,47,c2ryj1,Markus Creates The perfect painting,RealDankMemeGod,,https://www.youtube.com/watch?v=ox06_2pP4xk,dankvideos,
True,2.759756088256836,,post_0308.mp4,13,c2onrx,Ned Flanders,Sharkfin1230,direct,https://v.redd.it/2obna9vdie531/DASH_360,dankvideos,
False,6.170337438583374,clip_too_long,post_0309.mp4,165,c2w3pb,KEANU REEVES LOVE SONG,FranklyTheRobot,,https://youtu.be/Xmo78eU65k4,dankvideos,
False,6.691522121429443,clip_too_long,post_0310.mp4,116,c2s7p0,Legend of Zelda: Ocarina of Depression E3 trailer 2019,as311,,https://youtu.be/qGD9Zho2-Io,dankvideos,
True,12.31606936454773,,post_0311.mp4,6,c2vb0x,zucc [loud],Security8001,,https://www.youtube.com/watch?v=x5XKxu9jyUQ,dankvideos,
False,6.418300151824951,clip_too_long,post_0312.mp4,286,c2v3qx,I WOULD SELL MY KIDNEY TO SEE THESE MEMES,LoadiX0,,https://youtu.be/5Y_1l0cHe0I,dankvideos,
True,49.97665357589722,,post_0313.mp4,36,c2jre5,Hopefully nobody beat me to this.,Kerm344,direct,https://v.redd.it/n7w36dl5jc531/DASH_720,dankvideos,
True,12.768061399459839,,post_0314.mp4,16,c2uows,Mr stabby Sadiq Khan Knife Crime in London,sargonofatank,,https://youtu.be/4OUvteIKptY,dankvideos,
True,66.70706081390381,,post_0315.mp4,24,c2lve4,Phish,FatBoi12369,direct,https://v.redd.it/mo7xxp4tcd531/DASH_1080,dankvideos,
False,6.434088945388794,clip_too_long,post_0316.mp4,386,c2s0ko,Gaming moments zero iq,Urfavouritenoob,,https://m.youtube.com/watch?v=q9B-HLQBI1s,dankvideos,
True,14.099272012710571,,post_0317.mp4,19,c2trbx,18 second : Meme Video!,Theotherguy151,,https://www.youtube.com/watch?v=tFzABy70LXw,dankvideos,
True,13.122411727905273,,post_0318.mp4,16,c2qn6p,Before you didn't have me,Doodlebear_YT,,https://youtu.be/2z5LgC0GdNw,dankvideos,
True,4.19351053237915,,post_0319.mp4,5,c2l5z3,Google can say the n word,Muhsins_Cat,direct,https://v.redd.it/iu8pk2fs2d531/DASH_480,dankvideos,
True,3.336977243423462,,post_0320.mp4,7,c2l2f9,Damn,Muhsins_Cat,direct,https://v.redd.it/rkwo1w7f1d531/DASH_480,dankvideos,
True,11.8947434425354,,post_0321.mp4,15,c2ob6j,[LOUD] Click to enable 100% pants,eggbutinfrench,,https://www.youtube.com/watch?v=2tO-SwqxNQI,dankvideos,
True,2.664388656616211,,post_0322.mp4,6,c2ib3o,Ouch,Muhsins_Cat,direct,https://v.redd.it/7bmwe0sxxb531/DASH_480,dankvideos,
False,11.361754179000854,error: url_not_youtube_vid,post_0323.mp4,False,c2t5fv,Dank,RaggedyCube,,https://www.youtube.com/channel/UCm-vwQARI6LkahWpbK_UZpg,dankvideos,
False,6.179403066635132,clip_too_long,post_0324.mp4,281,c2r471,Epic Lemon robs the bank | Lemon Car Daily #3,MateDTF,,https://www.youtube.com/watch?v=OZjcFB1_18I,dankvideos,
True,5.150759696960449,,post_0325.mp4,14,c2hlzz,Yellow dog,eater-of-corn,direct,https://v.redd.it/zeyu8hl9nb531/DASH_1080,dankvideos,
False,5.871277570724487,clip_too_long,post_0326.mp4,102,c2pcjr,In loving memory of Paws Magee,cruisinforaPusan,,https://youtu.be/xLUKq4az-5I,dankvideos,
True,5.464476823806763,,post_0327.mp4,21,c2660u,Mcdonalds,ivanjackonaugh,direct,https://v.redd.it/522xzvc7v5531/DASH_1080,dankvideos,
True,13.26031756401062,,post_0328.mp4,15,c2s6om,The next smash character has been leaked,MysteriousF3llow,,https://youtu.be/x7pACadbwyQ,dankvideos,
True,12.610944509506226,,post_0329.mp4,3,c2s26q,Kid Bruh-dy,T10Titan,,https://www.youtube.com/watch?v=V5z3_VYThxQ,dankvideos,
True,13.381940841674805,,post_0330.mp4,13,c2pj96,Drake - Make A Meme Out Of This,rosenmichael123,,https://www.youtube.com/watch?v=sirAzT9q_Uw,dankvideos,
True,6.102282285690308,,post_0331.mp4,20,c2k3yq,Looking up something,Trey112_-,direct,https://v.redd.it/lxkcvouznc531/DASH_720,dankvideos,
True,12.763993263244629,,post_0332.mp4,10,c2kt14,My brain during an exam:,ghostguy2468,,https://www.youtube.com/watch?v=W0rSnTjVlvQ&feature=youtu.be,dankvideos,
True,12.78806209564209,,post_0333.mp4,10,c2n91r,When will you Learn,Duck274,,https://www.youtube.com/watch?v=s7EFZ57pzQw,dankvideos,
True,2.42787766456604,,post_0334.mp4,4,c2ehib,Hey bro its cold in here. Could you make it warmer?,NicL88,direct,https://v.redd.it/kr4a2uq6x9531/DASH_720,dankvideos,
True,5.244011878967285,,post_0335.mp4,14,c2826s,‚ÄúOn today‚Äôs episode of random videos on file‚Äù,ZenInHiding,direct,https://v.redd.it/s75csksxl6531/DASH_1080,dankvideos,
True,13.585981130599976,,post_0336.mp4,11,c2hf6r,Tfue got stuck in the lava,BuddyHoly1,,https://www.youtube.com/watch?v=5Y-SDZCqtgk,dankvideos,
False,6.500262022018433,"error: youtube video unavailable, possably removed -- subprocess.CalledProcessError",post_0337.mp4,False,c2mx58,[youtube] Dankity Dank Memes Compilation #1259373 b.C,MapleSyrup04,,https://youtu.be/WQGSALHMqS0,dankvideos,
True,11.897383213043213,,post_0338.mp4,11,c2mtle,Minecraft Gender Enchanted Arrow,catnipbag,,https://www.youtube.com/watch?v=rGqp50hzc4c,dankvideos,
False,6.262695550918579,clip_too_long,post_0339.mp4,54,c2isna,cooking like Papa‚Äôs Pizzeria,Jaynautic,,https://youtu.be/Za3pNWdBpvw,dankvideos,
False,5.882537364959717,"error: youtube video unavailable, possably removed -- subprocess.CalledProcessError",post_0340.mp4,False,c2lzwq,I Snorted From Laughing At This,matman11,,https://www.youtube.com/watch?v=fAzlQr6yzlk,dankvideos,
True,12.905508518218994,,post_0341.mp4,29,c2lfmj,The Retelling of an Awkward Moment,JuneRunner11,,https://www.youtube.com/watch?v=0bX6TqoLiS8,dankvideos,
False,6.307658433914185,clip_too_long,post_0342.mp4,78,c2knio,Chernobyl bruh moments,pegatrisedmice,,https://youtu.be/Cv_5PLITuqg,dankvideos,
True,8.612727880477905,,post_0343.mp4,18,c2bgy9,I said the n word in ghetto but forgot my n word pass,dagoldenpan,direct,https://v.redd.it/gzeecj7v68531/DASH_480,dankvideos,
True,3.8246374130249023,,post_0344.mp4,25,c1zb63,The motherfucking N word,toufiqimrose,direct,https://v.redd.it/y6u8oowdj2531/DASH_240,dankvideos,
False,6.463067054748535,"error: youtube video unavailable, possably removed -- subprocess.CalledProcessError",post_0345.mp4,False,c2j9w8,B.O.Y.S,Dreidalus,,https://youtu.be/Mfz9ylOYsN8,dankvideos,
True,3.146568775177002,,post_0346.mp4,20,c2duc6,"The Minions. I made this for my Instagram account, which went no where so I might post a few more of my memes here, if I do get some good feedback or something like that.",Crustymemer,direct,https://v.redd.it/9gy4ysh5i9531/DASH_240,dankvideos,
True,12.347067832946777,,post_0347.mp4,9,c2j1hi,Drake reacts to 9/11,ahmadaba14,,https://youtu.be/otYOLlqXR6U,dankvideos,
True,5.735162734985352,,post_0348.mp4,17,c2bhba,Poop belongs in the sock,tiba09,direct,https://v.redd.it/mfmnmfe678531/DASH_480,dankvideos,
False,5.986993312835693,clip_too_long,post_0349.mp4,465,c2h0g7,Dropped A Madd Skenggg,DaddyThanos6911,,https://youtu.be/Ham_p9lL3gU,dankvideos,
True,5.7255988121032715,,post_0350.mp4,25,c272qq,This new song is a banger. üî•üî•üî•,Stevenoo809,direct,https://v.redd.it/9b8yhft386531/DASH_720,dankvideos,
False,5.744843006134033,"error: youtube video unavailable, possably removed -- subprocess.CalledProcessError",post_0351.mp4,False,c2e5xw,"""We did it boys we saved sudan""",Fogell_adventures,,https://youtu.be/AQvj2wGI85s,dankvideos,
False,6.0845046043396,clip_too_long,post_0352.mp4,832,c2hicf,"YELLING, PAINTING, and LAUGHING",JakeKust,,https://youtu.be/LKtKRjqSDo8,dankvideos,
True,13.333908081054688,,post_0353.mp4,40,c235ai,don't click on this video...,Bruh69Master420,,https://youtu.be/mietu7gWuVg,dankvideos,
False,5.805655479431152,clip_too_long,post_0354.mp4,323,c2gjqn,Zentr0 - Hentai Haven's Back (A song Dedicated to Hentai Haven's Return),Zentr0,,https://www.youtube.com/watch?v=FaU0AEdEmwM,dankvideos,
False,5.875019311904907,"error: youtube video unavailable, possably removed -- subprocess.CalledProcessError",post_0355.mp4,False,c2g961,It exists !,BehindTheDreams,,https://www.youtube.com/watch?v=0t3DHH9ISNg&lc=z23jw15gfrnahd1a504t1aokglgyg3t21pdjo0cutf3ubk0h00410,dankvideos,
False,1.5690102577209473,error: reddit: un-beatable error,post_0356.mp4,False,c2aonr,yEET,XxPotatoxX21,direct,https://v.redd.it/cak1bi9jv4531/DASH_1080,dankvideos,
True,2.3448598384857178,,post_0357.mp4,2,c2akrf,When your uncle slips into your sheets at night and gives you that squishy icky feeling.,Stevenoo809,direct,https://v.redd.it/f15dw7z3r7531/DASH_480,dankvideos,
True,12.273601293563843,,post_0358.mp4,7,c2dmoz,I don't know what you guys consider *dank*,littlefaggot78,,https://m.youtube.com/watch?v=lk2SLEwj4Jc,dankvideos,
False,5.187013864517212,"error: youtube video unavailable, possably removed -- subprocess.CalledProcessError",post_0359.mp4,False,c2f5v8,We saved sudan! Instagram heroes meme,Fristy88,,https://youtu.be/AZJwH8DGCtM,dankvideos,
False,6.726655721664429,clip_too_long,post_0360.mp4,155,c2d1u3,My Otaku Ways (Old Town Road Parody),Huntag101,,https://www.youtube.com/watch?v=8HxDSdG1J48&feature=youtu.be,dankvideos,
True,4.612858772277832,,post_0361.mp4,10,c262wz,I hope you guys find this dank enough to let me enter your world.,arya-man,direct,https://v.redd.it/iuvn4nazt5531/DASH_1080,dankvideos,
False,6.6230621337890625,clip_too_long,post_0362.mp4,334,c2ekxa,Random dumb comedy for y'all to enjoy,Justdat799,,https://youtu.be/V3qDmfzhIBQ,dankvideos,
False,4.896351099014282,"error: youtube video unavailable, possably removed -- subprocess.CalledProcessError",post_0363.mp4,False,c2eevo,Soviet music over Darth Vader scene from Rogue One is truly Epic,fars0001,,https://youtu.be/zhRZAuuh8Ng,dankvideos,
True,2.8750550746917725,,post_0364.mp4,11,c2b6wk,"I stole this from someone from insta but god almighty look at this BEAUTIFUL HOTTIE eating that cucumber, and with an absolute BOP playing",BeepBeepGoAway,direct,https://v.redd.it/pnhg0i3t18531/DASH_480,dankvideos,
False,5.652528524398804,"error: youtube video unavailable, possably removed -- subprocess.CalledProcessError",post_0365.mp4,False,c2e9ay,Attack on Smurf,MrFuriousNerd,,https://www.youtube.com/watch?v=3C6iteonpRA,dankvideos,
False,5.815436124801636,clip_too_long,post_0366.mp4,99,c2bsri,Man eats icecream in a cave. ASMR,Freddyhoff,,https://www.youtube.com/watch?time_continue=81&v=QdxVKMFNVlY,dankvideos,
True,5.804173707962036,,post_0367.mp4,24,c22hgd,I saw roundabout live and had to take advantage of it,dankbob_memepants_,direct,https://v.redd.it/a383cagqd4531/DASH_480,dankvideos,
True,12.425919532775879,,post_0368.mp4,16,c27y98,"Old format, old legend",specialsnowflake3000,,https://youtu.be/yL-7P_TvQSE,dankvideos,
True,13.408135890960693,,post_0369.mp4,27,c28g6p,Anakin is breathtaking,AW_DELORME,,https://youtu.be/P04qtnEGm-Q,dankvideos,
True,6.869581937789917,,post_0370.mp4,40,c26zh8,That's how Keanu Reeves works,Romariusz,direct,https://v.redd.it/18v3w2ky66531/DASH_720,dankvideos,
False,6.0811309814453125,clip_too_long,post_0371.mp4,87,c2bbzm,"Me and my friend fucked around with music and furries, have a watch",Blitzzman101,,https://www.youtube.com/watch?v=YgcGMVVW464,dankvideos,
True,15.349427700042725,,post_0372.mp4,19,c2b1p2,WhO eLsE cAn ThEy AdD???,Chickenlegpotatocorn,,https://www.youtube.com/attribution_link?a=mHCSElu3LbM&u=%2Fwatch%3Fv%3Db2DlPwSVqXg%26feature%3Dshare,dankvideos,
False,0.016991615295410156,postType==self,post_0373.mp4,0,c2b0pg,Can someone please post Dank Memes Comp v58 from freememeskids?,KanekiDemon,self,https://www.reddit.com/r/dankvideos/comments/c2b0pg/can_someone_please_post_dank_memes_comp_v58_from/,dankvideos,
True,3.952016830444336,,post_0374.mp4,13,c20zb7,He hit the ground harder than Black Widow,sikenibbas,direct,https://v.redd.it/e4ranui7m3531/DASH_1080,dankvideos,
True,5.956869602203369,,post_0375.mp4,35,c1mb07,I know i‚Äôm late to the party but i just made this and its too good not to share,Ya-bOi-sTeezY,direct,https://v.redd.it/uenmlqeihw431/DASH_720,dankvideos,
False,6.610656976699829,clip_too_long,post_0376.mp4,645,c2adx9,I Post Dank Memes... SUBSCRIBE,Material_Imagination,,https://youtu.be/NR-ck1IE5OY,dankvideos,
False,5.844175100326538,clip_too_long,post_0377.mp4,374,c278pj,Everything You Need to Know About Hong Kong,VajJazzMan,,https://www.youtube.com/watch?v=IAQmL0ZKl6g,dankvideos,
False,5.418952226638794,clip_too_long,post_0378.mp4,84,c252yy,Cursed Minecraft Images 6,Jamma_Gaming,,https://www.youtube.com/watch?v=ANiz-djMr2Q&t=3s,dankvideos,
True,12.607000827789307,,post_0379.mp4,28,c23tpd,Which one is cuter? üòö,Dreidalus,,https://youtu.be/KBALVnC9VZQ,dankvideos,
False,5.506861686706543,clip_too_long,post_0380.mp4,92,c27oqt,What could possibly go wrong?? Funny fails!!,papiavi,,https://youtu.be/Vkfl3yz1L40,dankvideos,
False,6.28720760345459,clip_too_long,post_0381.mp4,307,c27kor,MINERMODE Lyric Video (Sicko Mode Parody),German_tsuacoloH,,https://www.youtube.com/watch?v=CzzExYRTo2M,dankvideos,
True,2.4788665771484375,,post_0382.mp4,13,c1zg2n,Whatttt,dankiousmd,direct,https://v.redd.it/l3c24ebrm2531/DASH_360,dankvideos,
False,5.998625755310059,clip_too_long,post_0383.mp4,385,c2433h,Ninja Roasts Ali-A Live,RaggedyCube,,https://youtu.be/_IrmDSynJNg,dankvideos,
True,12.266249418258667,,post_0384.mp4,22,c26rf4,Wake The F up Samurai,ComanderERICK,,https://www.youtube.com/watch?v=2nGY454ZFns,dankvideos,
False,5.949086427688599,clip_too_long,post_0385.mp4,94,c26mcx,cringy spiderman x pokemon crossover episode,ScorpyHazashi,,https://www.youtube.com/watch?v=2OmGsZP0dYc,dankvideos,
False,6.333831787109375,clip_too_long,post_0386.mp4,330,c26f3v,Memes that make Donkey DO THE ROAR !!!,Qwer345,,https://www.youtube.com/watch?v=ptkQRTG-3EM,dankvideos,
False,6.278100967407227,clip_too_long,post_0387.mp4,78,c1rh2j,Uh-Oh! WE are in BIG TROUBLE guys!,Bruh69Master420,,https://youtu.be/zCILNm3wm90,dankvideos,
True,12.212968587875366,,post_0388.mp4,4,c24ecb,Check this out - Keanu Reeves,ahmadaba14,,https://youtu.be/JZ5Ktmr0HHc,dankvideos,
True,2.9800310134887695,,post_0389.mp4,9,c1uv3r,"""Good Save""",boot_danker,direct,https://v.redd.it/vyvj7y7850531/DASH_720,dankvideos,
True,2.9299354553222656,,post_0390.mp4,8,c1ul5r,(Loud) BOIS THE TIME HAS COME,Air_za,direct,https://v.redd.it/4uzt97ph00531/DASH_360,dankvideos,
True,12.545707702636719,,post_0391.mp4,42,c220ds,ur cute too,patkaiclan,,https://www.youtube.com/watch?v=ql9eNpTfeXs,dankvideos,
True,3.460162401199341,,post_0392.mp4,8,c1w6dk,I can here the virgins in the distance,biggpapa3000,direct,https://v.redd.it/21m96iacs0531/DASH_480,dankvideos,
True,12.736449241638184,,post_0393.mp4,21,c21d23,Nani?!,Dreidalus,,https://youtu.be/OTT2EOZV3g0,dankvideos,
True,5.1235902309417725,,post_0394.mp4,31,c1p14h,"Wake up Samurai, we have a city to burn",Nikolai001,direct,https://v.redd.it/xx6iujepsx431/DASH_720,dankvideos,
True,4.079976320266724,,post_0395.mp4,21,c1s749,Omg no guys ninja gay!?!?,t-t-o,direct,https://v.redd.it/yydht7pi1z431/DASH_480,dankvideos,
True,5.041658878326416,,post_0396.mp4,24,c1nyw8,Girls Locker Room vs Boys Locker Room,LinguistGuy,direct,https://v.redd.it/usvvx38ocx431/DASH_720,dankvideos,
False,6.21229887008667,clip_too_long,post_0397.mp4,243,c213uh,BEST MEMES COMPILATION OF THE WEEK,stanture364,,https://www.youtube.com/watch?v=7QY_bPTGi6Q,dankvideos,
True,2.530048131942749,,post_0398.mp4,4,c1t9fa,Persian turtle cousin,Unscene12,direct,https://v.redd.it/d6oygkbugz431/DASH_480,dankvideos,
False,5.661062002182007,clip_too_long,post_0399.mp4,257,c20yie,Funny memes that make you lose a kidney,DrinkingSauce,,https://www.youtube.com/watch?v=AkSRG2_nwLo,dankvideos,
True,12.740846395492554,,post_0400.mp4,14,c208uw,[LOUD]Micheal checks his fridge,Milan_____,,https://www.youtube.com/watch?v=F4Z7iyUV-sw&lc=z225dpoxuqv1zr3meacdp430oaqo0p4ivlklol0jy51w03c010c&ab_channel=MilanLmao,dankvideos,
False,6.296140432357788,clip_too_long,post_0401.mp4,138,c1w1b9,Kim Jong Un Speech (English Subtitles),pinkbearwithahat,,https://youtu.be/Ic9MsJQjpX4,dankvideos,
True,12.079250812530518,,post_0402.mp4,14,c1v9rc,Gay cowboys be like,littlefaggot78,,https://m.youtube.com/watch?v=Vlsx0MY7wPI#searching,dankvideos,
False,6.002833127975464,clip_too_long,post_0403.mp4,200,c1w1p0,I was bored... Wasüëåüëåüëå,RaggedyCube,,https://youtu.be/9qJ-2ZDkAiM,dankvideos,
False,6.032405376434326,"error: youtube video unavailable, possably removed -- subprocess.CalledProcessError",post_0404.mp4,False,c1ttf6,"no, you're breathtaking!!",RoseKagenda,,https://youtu.be/gryWE5w2aOY,dankvideos,
False,5.796011924743652,clip_too_long,post_0405.mp4,802,c1pkwh,Found this video to pass a good relaxing time!,Markollins,,https://www.youtube.com/watch?v=4Jc0dNz1KEM,dankvideos,
True,2.999138593673706,,post_0406.mp4,10,c1mhof,üôÇüî´,MustyTit,direct,https://v.redd.it/akm04c3jlw431/DASH_480,dankvideos,
False,6.105340242385864,clip_too_long,post_0407.mp4,111,c1uvah,A DOGE MONTAGE,rock12et,,https://youtu.be/CVhvRTtn22w,dankvideos,
True,3.27847957611084,,post_0408.mp4,10,c1a7fq,Nice m8,barberman12,direct,https://v.redd.it/oh890eha6q431/DASH_720,dankvideos,
True,12.290866613388062,,post_0409.mp4,37,c1swgj,1993 Chrysler Town Country Commercial,bonerbarf99,,https://www.youtube.com/watch?v=rs6OlwrGmbg,dankvideos,
False,5.927010536193848,"error: youtube video unavailable, possably removed -- subprocess.CalledProcessError",post_0410.mp4,False,c1u41o,Meme Complation v2,bbb_squad,,https://www.youtube.com/watch?v=fPSuXqjmYxI&feature=youtu.be,dankvideos,
True,12.49565577507019,,post_0411.mp4,4,c1s7wx,Mr. Krabs did 9/11,csw1646,,https://youtu.be/121OhyfWEGY,dankvideos,
False,5.4570910930633545,clip_too_long,post_0412.mp4,348,c1oc6x,I made a minisode of the Simpsons by splicing together tiny clips for different episodes.,darksimpsons21,,https://www.youtube.com/watch?v=yunSQeWkor0,dankvideos,
True,12.388460159301758,,post_0413.mp4,7,c1ne4a,Tyler1 Has a Big Head,lachlankell99,,https://www.youtube.com/watch?v=06AuQOQa9Mg,dankvideos,
True,13.03121018409729,,post_0414.mp4,10,c1rnxw,[loud] Pizza Rave,arrowkid2000,,https://youtu.be/WY9OuHp8YxQ,dankvideos,
False,6.071639537811279,clip_too_long,post_0415.mp4,508,c1uej6,Cake,BeachWalkyt,,https://www.youtube.com/watch?v=VHpZXhdk5Ck,dankvideos,
False,5.992695331573486,clip_too_long,post_0416.mp4,893,c1rmcd,Rock Paper Scissors tier list,XxxHeroOFTimexxX,,https://youtu.be/WytrmQs28ro,dankvideos,
False,5.61336350440979,clip_too_long,post_0417.mp4,172,c1qlix,How to be never alone,retrosling,,https://youtu.be/M0Ji29C9PS0,dankvideos,
False,6.238224506378174,clip_too_long,post_0418.mp4,855,c1qf00,Well this got gay quickly!,saoignite,,https://www.youtube.com/watch?v=37_EfFnRdIY,dankvideos,
False,5.412238359451294,clip_too_long,post_0419.mp4,257,c1stxp,Meme Chronicles,DrinkingSauce,,https://www.youtube.com/watch?v=AkSRG2_nwLo,dankvideos,
False,5.875818967819214,"error: youtube video unavailable, possably removed -- subprocess.CalledProcessError",post_0420.mp4,False,c1pma9,bahahahaha,EskimoStonedd,,https://youtu.be/S_30rvPbpgs,dankvideos,
False,5.9257941246032715,"error: youtube video unavailable, possably removed -- subprocess.CalledProcessError",post_0421.mp4,False,c1p9zu,Basically beter than you,Jacklesz,,https://youtu.be/RbwK9wbZgqQ,dankvideos,
False,5.231953144073486,"error: youtube video unavailable, possably removed -- subprocess.CalledProcessError",post_0422.mp4,False,c1oxz3,The Sims 2/Vomit Compilation/All Ages,CaDeky,,https://www.youtube.com/watch?v=mcvYPKLyCVU,dankvideos,
False,6.172977685928345,clip_too_long,post_0423.mp4,67,c1rl7k,Breath of the Wild 2 Leaked Footage,P0keClaw2,,https://youtu.be/-AXuSwiev9I,dankvideos,
True,6.283149719238281,,post_0424.mp4,24,c1hytm,HEY BRIAN GRIFFIN,HReddit1223,direct,https://v.redd.it/fzu4knmyqt431/DASH_1080,dankvideos,
True,3.1080503463745117,,post_0425.mp4,5,c1rcyx,WEEEEE,blackhole_pussy,direct,https://v.redd.it/duzp9zo9py431/DASH_480,dankvideos,
True,14.213095426559448,,post_0426.mp4,19,c1kib9,minecrafters find diamonds :),ajtorg12,,https://www.youtube.com/watch?v=KNoeafs-5wU&feature=share,dankvideos,
True,32.69979286193848,,post_0427.mp4,14,c1hndy,"motha futha, futh the futhing goat",BOT_Sammy,direct,https://v.redd.it/ppy7s0m3lt431/DASH_1080,dankvideos,
False,5.474414825439453,"error: youtube video unavailable, possably removed -- subprocess.CalledProcessError",post_0428.mp4,False,c1ow4s,I was bored... Was,RaggedyCube,,https://youtu.be/ugdB3rCDIxg,dankvideos,
True,13.05862283706665,,post_0429.mp4,15,c1ooye,Hawahuawhataboothisuhh,alexthemanzano,,https://youtu.be/lk4dgWGW9RE,dankvideos,
True,5.877106189727783,,post_0430.mp4,31,c1hqiq,Ôº≥Ôº°Ôº¶Ôº• Ôº°ÔºÆÔº§ Ôº≥ÔºØÔºµÔºÆÔº§,LinguistGuy,direct,https://v.redd.it/d6l92q8umt431/DASH_720,dankvideos,
False,7.548173904418945,clip_too_long,post_0431.mp4,141,c1nyv6,KSI KILLS EVERYONE IN SIDEMEN GO BACK TO SCHOOL,Killerbear2004,,https://www.youtube.com/attribution_link?a=8YxPyTgaf4I&u=%2Fwatch%3Fv%3DTVlNM4SCOD8%26feature%3Dshare,dankvideos,
True,3.9198548793792725,,post_0432.mp4,22,c1g5s3,Lmaooooooo,Stevenoo809,direct,https://v.redd.it/300sod9mts431/DASH_720,dankvideos,
False,6.256184339523315,clip_too_long,post_0433.mp4,150,c1nh3w,A funny fortnite AD !,OmarBLX,,https://youtu.be/L4YtEruspDY,dankvideos,
True,2.855994462966919,,post_0434.mp4,19,c1abeg,I‚Äôm sorry about your condition,thisguy_1997,direct,https://v.redd.it/i0ez97668q431/DASH_360,dankvideos,
True,27.980717420578003,,post_0435.mp4,21,c1dn9l,Oh he‚Äôs üíÄ (edited and reuploaded),aidkrayeets,direct,https://v.redd.it/fgmgl97epr431/DASH_720,dankvideos,
False,6.332235813140869,clip_too_long,post_0436.mp4,115,c1avhr,We are Going to Space Guys! (cheeses),Bruh69Master420,,https://youtu.be/KOlwGUiNAoc,dankvideos,
True,8.503107786178589,,post_0437.mp4,19,c17erk,H e i s R e b o r n,Kingestien,direct,https://v.redd.it/szd60abn7o431/DASH_480,dankvideos,
False,5.777795076370239,clip_too_long,post_0438.mp4,888,c1grs1,Drinking Laxatives And Super Gluing My Butthole Shut,Sneaky-walrus,,https://www.youtube.com/watch?v=TugRpPyN-Yc,dankvideos,
True,3.4995579719543457,,post_0439.mp4,15,c1ch5o,true doe,barberman12,direct,https://v.redd.it/y779ykoe7r431/DASH_720,dankvideos,
False,6.388421058654785,clip_too_long,post_0440.mp4,156,c1kn66,KSI & Randolph - New Age But Its Played On Logan Pauls Face,DaddyThanos6911,,https://youtu.be/J0GBIyNZBtQ,dankvideos,
False,6.21500301361084,clip_too_long,post_0441.mp4,183,c1ki0v,YTP: Rick Harrison is addicted to Cock,ToxicFlames,,https://www.youtube.com/watch?v=Dau-BD79OPw,dankvideos,
True,4.200294494628906,,post_0442.mp4,23,c1db5d,dat doggo doe,barberman12,direct,https://v.redd.it/gnat7a29kr431/DASH_480,dankvideos,
False,5.698195457458496,"error: youtube video unavailable, possably removed -- subprocess.CalledProcessError",post_0443.mp4,False,c1dudq,Harry's deepest and most desperate desire!,abadur14,,https://www.youtube.com/watch?v=EqWnjuz0KO4&feature=youtu.be,dankvideos,
True,3.401050567626953,,post_0444.mp4,17,c11wf0,LET US GO GET HEALTHY BOISSSS!!!,Potwats,direct,https://v.redd.it/wf0czki6dk431/DASH_240,dankvideos,
True,5.968787431716919,,post_0445.mp4,22,c1eswn,relateable as fudge,barberman12,direct,https://v.redd.it/2v1q8fce7s431/DASH_480,dankvideos,
True,12.742321968078613,,post_0446.mp4,14,c1jgqo,[Meme] Ram reacts to Artifact Teaser Trailer,AL2009man,,https://www.youtube.com/watch?v=w9JbbOPa4Zk,dankvideos,
True,12.882755756378174,,post_0447.mp4,16,c1hdze,Keanu Reeves - We have a city to burn,NigoChip,,https://youtu.be/QWICbFhHSWw,dankvideos,
False,5.873242378234863,clip_too_long,post_0448.mp4,138,c1h8s7,Meme Complation v1,bbb_squad,,https://www.youtube.com/watch?v=v2coDUL-fYM&feature=youtu.be,dankvideos,
False,5.695060968399048,clip_too_long,post_0449.mp4,452,c1czdi,Pokimane confirmed thicc,BioniclePeePee,,https://www.youtube.com/watch?v=8gqJZjnHBXM,dankvideos,
True,7.958703279495239,,post_0450.mp4,20,c17f86,Spoopder m√∂yn,Kingestien,direct,https://v.redd.it/gsr9cr678o431/DASH_480,dankvideos,
True,15.370728969573975,,post_0451.mp4,19,c1g73u,Sans Got you Nae Nae'd,GamesDevastator,,https://www.youtube.com/attribution_link?a=4WZZuSXgxKs&u=%2Fwatch%3Fv%3DHJbDhP49xVc%26feature%3Dshare,dankvideos,
False,6.212443828582764,"error: youtube video unavailable, possably removed -- subprocess.CalledProcessError",post_0452.mp4,False,c1dotd,üíÉ Ôº≥Ôº≠ÔºµÔºß Ôº§Ôº°ÔºÆÔº£Ôº©ÔºÆ ~ üòÇ ‚ìÖ‚íæ‚ìÄ‚í∂‚í∏‚íΩ‚ìä ‚ìã‚í∫‚ìá‚ìà‚íæ‚ìÑ‚ìÉ üòÇ,Investigador_L,,https://www.youtube.com/watch?v=1gu3XRts2Dg,dankvideos,
False,6.164653301239014,"error: youtube video unavailable, possably removed -- subprocess.CalledProcessError",post_0453.mp4,False,c1bsu2,They did it again,darksun19,,https://m.youtube.com/watch?v=GHR5o5q87M4,dankvideos,
True,33.58477973937988,,post_0454.mp4,12,c1bhal,"Funny, I did the same thing at school but with the thug luv beat",ZenInHiding,direct,https://v.redd.it/z5qma0efrq431/DASH_1080,dankvideos,
True,11.809498310089111,,post_0455.mp4,4,c1e1j4,E,AndyMB601,,https://www.youtube.com/watch?v=Juz-lVzHwsg#action=share,dankvideos,
True,2.6505234241485596,,post_0456.mp4,4,c11vxx,Grape,SleepingEon,direct,https://v.redd.it/e9ow97mo0l431/DASH_720,dankvideos,
False,5.878528118133545,clip_too_long,post_0457.mp4,126,c12ex5,(almost policed),Bruh69Master420,,https://youtu.be/4Ep9eFfx0JM,dankvideos,
False,0.0159909725189209,postType==self,post_0458.mp4,0,c1fwcp,"I'm not gonna lie, this is definitely me when I'm driving",Skemil,self,https://www.reddit.com/r/dankvideos/comments/c1fwcp/im_not_gonna_lie_this_is_definitely_me_when_im/,dankvideos,[pr0nhub.com/5ed4xzr8ef4x](https://www.youtube.com/watch?v=quo1xRGgigs&t=11s)
False,6.248623847961426,clip_too_long,post_0459.mp4,71,c14r1j,200 BILLION SUBSCRIBERS!,Bruh69Master420,,https://youtu.be/qdUUJZ8a8pw,dankvideos,
True,14.354022026062012,,post_0460.mp4,25,c1ajo0,Peanut steals ironman's dooplicut machine. [SFM] (epic),lokvanjiz,,https://youtu.be/VmODg_EJ-RE,dankvideos,
True,11.97105598449707,,post_0461.mp4,4,c1byyl,√´ it's in th√´ gam√´,loveino,,https://www.youtube.com/watch?v=Juz-lVzHwsg,dankvideos,
False,5.964417219161987,clip_too_long,post_0462.mp4,524,c1dxnb,ASMR Lollipop (Wild Cherry Flavored) Intense Mouth Sounds,asmrgurll,,https://youtu.be/JPtsTJUBNXc,dankvideos,
False,5.636875629425049,clip_too_long,post_0463.mp4,48,c0y8h9,Quieres??,DaddyThanos6911,,https://youtu.be/QX7FkkrBat8,dankvideos,
True,5.292920112609863,,post_0464.mp4,19,c14wwx,Br√ºh,asian_boi123,direct,https://v.redd.it/fr6hkxv5lm431/DASH_720,dankvideos,
True,2.8092851638793945,,post_0465.mp4,6,c164lb,[loud]theytrynabecrack.mp4,ace_v27,direct,https://v.redd.it/tztun3o4bn431/DASH_1080,dankvideos,
False,6.821980237960815,clip_too_long,post_0466.mp4,75,c1d74t,Hey you got any more water - WaveZok WTF MEME Remix,WaveZok,,https://youtu.be/4CTpjT2VC8I,dankvideos,
True,13.796458721160889,,post_0467.mp4,33,c1cutx,Signal Detected | Halo Infinite E3 2019,mr_notsocreative,,https://youtu.be/ZifG8-ze27U,dankvideos,
False,9.616761445999146,clip_too_long,post_0468.mp4,36002,c1cucp,They Tryna Be Crate Meme [10 Hours],Jamma_Gaming,,https://youtu.be/3LGPKE7uPtQ,dankvideos,
True,12.770148992538452,,post_0469.mp4,10,c19zmc,Keanu Reeves at E3 with the boys,chefgamingYT,,https://www.youtube.com/watch?v=i61Pwx7AtBM,dankvideos,
True,12.985976934432983,,post_0470.mp4,6,c1bsj8,Beans confirmed at E3 2019!,Jamma_Gaming,,https://youtu.be/MR6argxglKQ,dankvideos,
False,6.213136911392212,clip_too_long,post_0471.mp4,60,c1bqb2,Watching Thanos photos for the first time,owensMa,,https://youtu.be/WE-SxdTToRU,dankvideos,
True,12.304814577102661,,post_0472.mp4,31,c1aso2,Lindsay Lohan & Bill Cosby team up for a grape Jello rap music video/commercial (1994),ConsumerTimeCapsule,,https://www.youtube.com/watch?v=FYaYWYvOv-Q,dankvideos,
False,6.1956353187561035,"error: youtube video unavailable, possably removed -- subprocess.CalledProcessError",post_0473.mp4,False,c1ar79,Yall seen this nice fly remix,ryanmdaly6795,,https://youtu.be/PZoDnuf27WY,dankvideos,
False,6.301750421524048,clip_too_long,post_0474.mp4,79,c1agn2,They tryna be cray memes,Fristy88,,https://youtu.be/VDcMtqPhY9o,dankvideos,
True,3.833138942718506,,post_0475.mp4,15,c170q4,"Hey you, wake the frick up",DrummerPatrick,direct,https://v.redd.it/pawiawm0xn431/DASH_720,dankvideos,
False,5.9996442794799805,clip_too_long,post_0476.mp4,96,c19z6o,When You Want To Talk To Team YouTube On Twitter About PewDiePie And Mumkey Jones,outofouts,,https://www.youtube.com/watch?v=qzOziXWpnAk,dankvideos,
True,12.438403844833374,,post_0477.mp4,30,c18tie,Favourite meme of all time,JoshHumphreys,,https://youtu.be/JfbyhphC-OM,dankvideos,
False,6.064063787460327,"error: youtube video unavailable, possably removed -- subprocess.CalledProcessError",post_0478.mp4,False,c121to,this is so sad,megayeetus,,https://youtu.be/xGXrFp44suw,dankvideos,
False,6.48596978187561,"error: youtube video unavailable, possably removed -- subprocess.CalledProcessError",post_0479.mp4,False,c15t3d,Choo suey but you need to wake up,littlefaggot78,,https://m.youtube.com/watch?v=YSnSWi7ff-M,dankvideos,
True,4.261060476303101,,post_0480.mp4,14,c14cng,[loud],NCVIPERGD,direct,https://v.redd.it/8xl7r86r9m431/DASH_720,dankvideos,
True,12.901434898376465,,post_0481.mp4,22,c10rw8,credit card challenge,TivorSolo,,https://www.youtube.com/watch?v=MsIRDNRnUi8&feature=youtu.be,dankvideos,
False,0.012993335723876953,prev_eval,post_0482.mp4,0,c0j7xh,This is how it starts,Lucopaper,direct,https://v.redd.it/3f1kdgto9b431/DASH_1080,dankvideos,
True,3.8771448135375977,,post_0483.mp4,14,c11zw6,That sure is a good brand and it saves them turtles,Meotabz,direct,https://v.redd.it/prrn0zlj2l431/DASH_720,dankvideos,
True,13.4652681350708,,post_0484.mp4,20,c142es,Why'd you poke the frog???,nexxtmeme,,https://youtu.be/YKjIgaqIa_g,dankvideos,
False,6.033337354660034,"error: youtube video unavailable, possably removed -- subprocess.CalledProcessError",post_0485.mp4,False,c0xqe5,When mom makes shidded,sponchboi,,https://youtu.be/izSeSskAF5E,dankvideos,
False,6.321896076202393,"error: youtube video unavailable, possably removed -- subprocess.CalledProcessError",post_0486.mp4,False,c134fd,Memes that makes my water crispy,Fristy88,,https://youtu.be/2ckhx7rG4g0,dankvideos,
True,15.0679349899292,,post_0487.mp4,43,c0y0wt,Lydia winters loves building brown bricks with Minecraft,iamtrash10,,https://youtu.be/_CauXY2Idog,dankvideos,
False,1.2001163959503174,clip_too_long,post_0488.mp4,57,c0tvp3,Well Eggman did it... I guess,PokemonLegacy6,direct,https://v.redd.it/8bfs8dx3hg431/DASH_1080,dankvideos,
True,12.513034343719482,,post_0489.mp4,28,c0x77q,update video.,rob3rrt,,https://www.youtube.com/watch?v=y_HLeLky1Ug&feature=youtu.be,dankvideos,
False,5.825991630554199,clip_too_long,post_0490.mp4,336,c10tb4,Fresh memes that will become legendary,Qwer345,,https://www.youtube.com/watch?v=7xco_VNJgqI,dankvideos,
False,5.419534921646118,"error: youtube video unavailable, possably removed -- subprocess.CalledProcessError",post_0491.mp4,False,c10pn7,ASMR,BungleBoy69,,https://youtu.be/C5RolG1XvyM,dankvideos,
True,12.958119630813599,,post_0492.mp4,4,c10j7k,Hotel Connie,Moggyo,,https://www.youtube.com/watch?v=kQVzSm_0Tyk,dankvideos,
False,0.014992713928222656,prev_eval,post_0493.mp4,0,c0tsrv,One trip only üò§,Mike_Kriegel,direct,https://v.redd.it/3wz0pzi7fg431/DASH_720,dankvideos,
True,12.565629243850708,,post_0494.mp4,3,c0zdiz,they trynna be cramp,JJVS4life,,https://youtu.be/sk_V1BMYz0I,dankvideos,
False,0.01497340202331543,prev_eval,post_0495.mp4,0,c0owt8,Damn it really do be like that üòê,angelquezada2005,direct,https://v.redd.it/qzg2tkxotd431/DASH_720,dankvideos,
False,0.01098179817199707,prev_eval,post_0496.mp4,0,c0lp5d,Big OOF,DaddyThanos6911,direct,https://v.redd.it/g42gr055gc431/DASH_480,dankvideos,
True,13.802818775177002,,post_0497.mp4,2,c0w49q,I sit,Cobra_2o1o,,https://www.youtube.com/watch?v=dDF7vB7_lgU,dankvideos,
False,0.01400613784790039,prev_eval,post_0498.mp4,0,c0gbeh,Please üëÖ,ELTaco88,direct,https://v.redd.it/3lkbzhd3c9431/DASH_720,dankvideos,
False,0.008994817733764648,prev_eval,post_0499.mp4,0,c0gi4z,Ham,arpitsingh1999,direct,https://v.redd.it/kb0i6joag9431/DASH_1080,dankvideos,
