current,priority_next,status,title,duration,rating,use_text_overlay,top_text,bottom_text,use_trimmed_clip,begin_trim_time,end_trim_time,clip_path,txt_overlay_clip_path,trimmed_clip_path,postId,postTitle,postSubmitter,postType,postURL,postSubreddit
,,accepted,Bro Fist,10,5,0,Bro Fist,,,,,C:\Users\Brandon\Documents\Personal_Projects\vid_m_comp_big_data\current_data\downloaded_clips\post_0000.mp4,,,c6s2jx,Bro Fist,boot_danker,direct,https://v.redd.it/r843rxlow6731/DASH_720,dankvideos
,,declined,22 seconds of pure and hard K.O,23,5,0,22 seconds of pure and hard K.O,,,,,C:\Users\Brandon\Documents\Personal_Projects\vid_m_comp_big_data\current_data\downloaded_clips\post_0001.mp4,,,c6uwtw,22 seconds of pure and hard K.O,D3lt4_SiX,direct,https://v.redd.it/ya45j0bnb8731/DASH_480,dankvideos
,,accepted,Big man tried swimmin in lava,15,6,0,Big man tried swimmin in lava,,,,,C:\Users\Brandon\Documents\Personal_Projects\vid_m_comp_big_data\current_data\downloaded_clips\post_0002.mp4,,,c6fqb0,Big man tried swimmin in lava,Vexal721,direct,https://v.redd.it/dtydpts2z0731/DASH_360,dankvideos
,,declined,Everyone liked that,22,5,0,Everyone liked that,,,,,C:\Users\Brandon\Documents\Personal_Projects\vid_m_comp_big_data\current_data\downloaded_clips\post_0003.mp4,,,c6vxdz,Everyone liked that,bbb_squad,direct,https://v.redd.it/fx1k87m0y8731/DASH_1080,dankvideos
,,declined,"Can this became meme? Or at least cursed image? I have more videos of it, drifting (or trying to)",16,5,0,"Can this became meme? Or at least cursed image? I have more videos of it, drifting (or trying to)",,,,,C:\Users\Brandon\Documents\Personal_Projects\vid_m_comp_big_data\current_data\downloaded_clips\post_0005.mp4,,,c6qgt6,"Can this became meme? Or at least cursed image? I have more videos of it, drifting (or trying to)",goguinho,direct,https://v.redd.it/uv2wnadh76731/DASH_1080,dankvideos
,,declined,have a break have a mad catter,6,5,0,have a break have a mad catter,,,,,C:\Users\Brandon\Documents\Personal_Projects\vid_m_comp_big_data\current_data\downloaded_clips\post_0006.mp4,,,c6yd2g,have a break have a mad catter,sargonofatank,,https://www.youtube.com/watch?v=pgVPLb0XNEo&feature=youtu.be,dankvideos
,,declined,Drake and the boys,8,5,0,Drake and the boys,,,,,C:\Users\Brandon\Documents\Personal_Projects\vid_m_comp_big_data\current_data\downloaded_clips\post_0007.mp4,,,c6y6ht,Drake and the boys,Levi_Reyes,,https://youtu.be/ifuyE0zKBDk,dankvideos
,,declined,Minecraft Stonks,9,5,0,Minecraft Stonks,,,,,C:\Users\Brandon\Documents\Personal_Projects\vid_m_comp_big_data\current_data\downloaded_clips\post_0008.mp4,,,c6xy71,Minecraft Stonks,styloDetylo,,https://youtu.be/eoSJ7L9LxfY,dankvideos
,,declined,The Pokemon moment that broke the internet,33,5,0,The Pokemon moment that broke the internet,,,,,C:\Users\Brandon\Documents\Personal_Projects\vid_m_comp_big_data\current_data\downloaded_clips\post_0009.mp4,,,c6pspv,The Pokemon moment that broke the internet,Moggyo,,https://www.youtube.com/watch?v=XG8O3D-ViGo,dankvideos
,,declined,Japanese Bee Movie Opening Line (English CC),28,5,0,Japanese Bee Movie Opening Line (English CC),,,,,C:\Users\Brandon\Documents\Personal_Projects\vid_m_comp_big_data\current_data\downloaded_clips\post_0011.mp4,,,c6rj1f,Japanese Bee Movie Opening Line (English CC),Mikeiteq,,https://www.youtube.com/watch?v=Wsqada5jK-4,dankvideos
,,declined,(loud),30,5,0,(loud),,,,,C:\Users\Brandon\Documents\Personal_Projects\vid_m_comp_big_data\current_data\downloaded_clips\post_0015.mp4,,,c6k71i,(loud),barberman12,direct,https://v.redd.it/c86t6nc0n3731/DASH_1080,dankvideos
,,declined,Thats a tru and sad story,27,5,0,Thats a tru and sad story,,,,,C:\Users\Brandon\Documents\Personal_Projects\vid_m_comp_big_data\current_data\downloaded_clips\post_0016.mp4,,,c6ira1,Thats a tru and sad story,barberman12,direct,https://v.redd.it/0xnwb8ucv2731/DASH_480,dankvideos
,,accepted,Killer Beanz: 2077,7,7,0,Killer Beanz: 2077,,,,,C:\Users\Brandon\Documents\Personal_Projects\vid_m_comp_big_data\current_data\downloaded_clips\post_0019.mp4,,,c6twqy,Killer Beanz: 2077,ImmaPooInYourAss,direct,https://v.redd.it/ldybdf2jt7731/DASH_480,dankvideos
,,declined,"Dr. Pig Plays ""William Tell Overture"" with his Pingas!",23,5,0,"Dr. Pig Plays ""William Tell Overture"" with his Pingas!",,,,,C:\Users\Brandon\Documents\Personal_Projects\vid_m_comp_big_data\current_data\downloaded_clips\post_0021.mp4,,,c6tdkr,"Dr. Pig Plays ""William Tell Overture"" with his Pingas!",Mikeiteq,,https://www.youtube.com/watch?v=6ylEfnkozug,dankvideos
,,declined,You asked for it so here it is,7,5,0,You asked for it so here it is,,,,,C:\Users\Brandon\Documents\Personal_Projects\vid_m_comp_big_data\current_data\downloaded_clips\post_0022.mp4,,,c6k7ms,You asked for it so here it is,dankbob_memepants_,direct,https://v.redd.it/qr4yo3ubn3731/DASH_1080,dankvideos
,,declined,CEASE,30,5,0,CEASE,,,,,C:\Users\Brandon\Documents\Personal_Projects\vid_m_comp_big_data\current_data\downloaded_clips\post_0023.mp4,,,c6swro,CEASE,meptep,,https://youtu.be/71cQeI0ASZc,dankvideos
,,declined,NINTENDO SIXTY FOURRRR,19,5,0,NINTENDO SIXTY FOURRRR,,,,,C:\Users\Brandon\Documents\Personal_Projects\vid_m_comp_big_data\current_data\downloaded_clips\post_0025.mp4,,,c6n6ge,NINTENDO SIXTY FOURRRR,7SCRATCH6R7_REDDIT,,https://youtu.be/BKEL4cUTOI4,dankvideos
,,pruned,Made this in Minecraft enjoy,11,2,0,Made this in Minecraft enjoy,,,,,C:\Users\Brandon\Documents\Personal_Projects\vid_m_comp_big_data\current_data\downloaded_clips\post_0029.mp4,,,c6ijzq,Made this in Minecraft enjoy,Fudget69,direct,https://v.redd.it/whaw339nq2731/DASH_1080,dankvideos
,,pruned,Guy Pulls a grenade on his little brother,6,3,0,Guy Pulls a grenade on his little brother,,,,,C:\Users\Brandon\Documents\Personal_Projects\vid_m_comp_big_data\current_data\downloaded_clips\post_0030.mp4,,,c6m4oe,Guy Pulls a grenade on his little brother,okthisisepic291032,,https://www.youtube.com/watch?v=Tt8fWBziZ7M,dankvideos
,,declined,Pewdiepie gone anime,14,5,0,Pewdiepie gone anime,,,,,C:\Users\Brandon\Documents\Personal_Projects\vid_m_comp_big_data\current_data\downloaded_clips\post_0035.mp4,,,c6jvvk,Pewdiepie gone anime,Levi_Reyes,,https://youtu.be/unsvS_0ihhk,dankvideos
,,declined,Meanwhile in Russia,12,5,0,Meanwhile in Russia,,,,,C:\Users\Brandon\Documents\Personal_Projects\vid_m_comp_big_data\current_data\downloaded_clips\post_0037.mp4,,,c6hbzp,Meanwhile in Russia,kozacka_hunta,direct,https://v.redd.it/t9drvypnw1731/DASH_720,dankvideos
,,declined,Final Spin German-Style,20,5,0,Final Spin German-Style,,,,,C:\Users\Brandon\Documents\Personal_Projects\vid_m_comp_big_data\current_data\downloaded_clips\post_0039.mp4,,,c6bkbc,Final Spin German-Style,EvilDog77,direct,https://v.redd.it/1jfnfngczy631/DASH_720,dankvideos
,,pruned,SHREK HAS A BRUH MOMENT,8,0,0,SHREK HAS A BRUH MOMENT,,,,,C:\Users\Brandon\Documents\Personal_Projects\vid_m_comp_big_data\current_data\downloaded_clips\post_0040.mp4,,,c6mz19,SHREK HAS A BRUH MOMENT,metallica123446,,https://www.youtube.com/watch?v=s3aGEFieSJk&feature=youtu.be,dankvideos
,,accepted,Energizer keeps you going,8,5,0,Energizer keeps you going,,,,,C:\Users\Brandon\Documents\Personal_Projects\vid_m_comp_big_data\current_data\downloaded_clips\post_0041.mp4,,,c6eheb,Energizer keeps you going,_Guff,direct,https://v.redd.it/y3ii95pzc0731/DASH_360,dankvideos
,,declined,The moment right after watching Toy Story,19,5,0,The moment right after watching Toy Story,,,,,C:\Users\Brandon\Documents\Personal_Projects\vid_m_comp_big_data\current_data\downloaded_clips\post_0043.mp4,,,c6lln2,The moment right after watching Toy Story,FatBenStiller,,https://youtu.be/lZNsdyDJyCo,dankvideos
,,declined,"Morty, you piece of shit, Morty!",18,5,0,"Morty, you piece of shit, Morty!",,,,,C:\Users\Brandon\Documents\Personal_Projects\vid_m_comp_big_data\current_data\downloaded_clips\post_0044.mp4,,,c6lhhj,"Morty, you piece of shit, Morty!",dankbob_memepants_,direct,https://v.redd.it/6vzef3ri74731/DASH_480,dankvideos
,,declined,Cartoon Conspiracy Theory,20,5,0,Cartoon Conspiracy Theory,,,,,C:\Users\Brandon\Documents\Personal_Projects\vid_m_comp_big_data\current_data\downloaded_clips\post_0045.mp4,,,c6homo,Cartoon Conspiracy Theory,ChristianHumanBeing,,https://www.youtube.com/watch?v=TIfCrBF6Fr8,dankvideos
,,declined,Already published before??,5,5,0,Already published before??,,,,,C:\Users\Brandon\Documents\Personal_Projects\vid_m_comp_big_data\current_data\downloaded_clips\post_0047.mp4,,,c6dx84,Already published before??,D3lt4_SiX,direct,https://v.redd.it/nglf9u5s20731/DASH_480,dankvideos
,,declined,Thanos is Nowhere,33,5,0,Thanos is Nowhere,,,,,C:\Users\Brandon\Documents\Personal_Projects\vid_m_comp_big_data\current_data\downloaded_clips\post_0050.mp4,,,c6i37z,Thanos is Nowhere,TheCrownedMedia,,https://www.youtube.com/watch?v=oHuTRkoqxhY,dankvideos
,,pruned,twowomad,20,4,0,twowomad,,,,,C:\Users\Brandon\Documents\Personal_Projects\vid_m_comp_big_data\current_data\downloaded_clips\post_0051.mp4,,,c68aak,twowomad,BumbaclotBoi,direct,https://v.redd.it/qlwh1ooxnx631/DASH_360,dankvideos
,,declined,I want to play with his cock and balls,16,5,0,I want to play with his cock and balls,,,,,C:\Users\Brandon\Documents\Personal_Projects\vid_m_comp_big_data\current_data\downloaded_clips\post_0053.mp4,,,c6648u,I want to play with his cock and balls,dankbob_memepants_,direct,https://v.redd.it/wyzmvviurw631/DASH_720,dankvideos
,,declined,They tryna be cray but its EU4,19,5,0,They tryna be cray but its EU4,,,,,C:\Users\Brandon\Documents\Personal_Projects\vid_m_comp_big_data\current_data\downloaded_clips\post_0054.mp4,,,c64of3,They tryna be cray but its EU4,Real_ODDIST,,https://www.youtube.com/watch?v=jYS3LYYWoxs,dankvideos
,,declined,etika reacts,8,5,0,etika reacts,,,,,C:\Users\Brandon\Documents\Personal_Projects\vid_m_comp_big_data\current_data\downloaded_clips\post_0055.mp4,,,c6c5db,etika reacts,Virusprodigy,,https://www.youtube.com/watch?v=RLAs-x6CmrQ&feature=youtu.be,dankvideos
,,declined,I like nippletwist,19,5,0,I like nippletwist,,,,,C:\Users\Brandon\Documents\Personal_Projects\vid_m_comp_big_data\current_data\downloaded_clips\post_0056.mp4,,,c5tret,I like nippletwist,barberman12,direct,https://v.redd.it/wvwexl3axq631/DASH_720,dankvideos
,,accepted,Batman strikes mom,13,9,0,Batman strikes mom,,,,,C:\Users\Brandon\Documents\Personal_Projects\vid_m_comp_big_data\current_data\downloaded_clips\post_0057.mp4,,,c5x80p,Batman strikes mom,BlakkShadow777,direct,https://v.redd.it/bfr29ij03s631/DASH_480,dankvideos
,,accepted,Deerfish,4,5,0,Deerfish,,,,,C:\Users\Brandon\Documents\Personal_Projects\vid_m_comp_big_data\current_data\downloaded_clips\post_0058.mp4,,,c5wc3h,Deerfish,BlakkShadow777,direct,https://v.redd.it/eqzhnub2sr631/DASH_480,dankvideos
,,declined,They sound so alike,10,5,0,They sound so alike,,,,,C:\Users\Brandon\Documents\Personal_Projects\vid_m_comp_big_data\current_data\downloaded_clips\post_0059.mp4,,,c5ssxt,They sound so alike,LCT3,direct,https://v.redd.it/10px3gkvlq631/DASH_720,dankvideos
,,declined,"Y'all remember this fire ass track?!?! it got remixed, now ft. my boy (first time memer)",22,5,0,"Y'all remember this fire ass track?!?! it got remixed, now ft. my boy (first time memer)",,,,,C:\Users\Brandon\Documents\Personal_Projects\vid_m_comp_big_data\current_data\downloaded_clips\post_0060.mp4,,,c673td,"Y'all remember this fire ass track?!?! it got remixed, now ft. my boy (first time memer)",The__Shaggster,direct,https://v.redd.it/3m7vjmtp6x631/DASH_720,dankvideos
,,declined,Crusajah (XXXTentacion x Crusader),15,5,0,Crusajah (XXXTentacion x Crusader),,,,,C:\Users\Brandon\Documents\Personal_Projects\vid_m_comp_big_data\current_data\downloaded_clips\post_0062.mp4,,,c69ven,Crusajah (XXXTentacion x Crusader),Real_ODDIST,,https://youtu.be/6brySM2tdFs,dankvideos
,,declined,What meme should I narrate next?,9,5,0,What meme should I narrate next?,,,,,C:\Users\Brandon\Documents\Personal_Projects\vid_m_comp_big_data\current_data\downloaded_clips\post_0063.mp4,,,c5py0o,What meme should I narrate next?,dankbob_memepants_,direct,https://v.redd.it/7g8uwldcfp631/DASH_480,dankvideos
,,declined,I finally found a place to put this.,17,5,0,I finally found a place to put this.,,,,,C:\Users\Brandon\Documents\Personal_Projects\vid_m_comp_big_data\current_data\downloaded_clips\post_0064.mp4,,,c62ahp,I finally found a place to put this.,_Open_Your_Mind_,direct,https://v.redd.it/3zvpz38iku631/DASH_480,dankvideos
,,declined,UHHGHH,9,5,0,UHHGHH,,,,,C:\Users\Brandon\Documents\Personal_Projects\vid_m_comp_big_data\current_data\downloaded_clips\post_0066.mp4,,,c619qj,UHHGHH,masonmyerss1,direct,https://v.redd.it/rpf4fs84zt631/DASH_1080,dankvideos
,,declined,One punch-man :T,8,5,0,One punch-man :T,,,,,C:\Users\Brandon\Documents\Personal_Projects\vid_m_comp_big_data\current_data\downloaded_clips\post_0067.mp4,,,c5uh37,One punch-man :T,D3lt4_SiX,direct,https://v.redd.it/rdyj3kol5r631/DASH_360,dankvideos
,,declined,What our tax dollars are going to,27,5,0,What our tax dollars are going to,,,,,C:\Users\Brandon\Documents\Personal_Projects\vid_m_comp_big_data\current_data\downloaded_clips\post_0068.mp4,,,c5epbw,What our tax dollars are going to,ImmaPooInYourAss,direct,https://v.redd.it/8zxcvewdbk631/DASH_720,dankvideos
,,declined,[Loud] get noob,20,5,0,[Loud] get noob,,,,,C:\Users\Brandon\Documents\Personal_Projects\vid_m_comp_big_data\current_data\downloaded_clips\post_0069.mp4,,,c5xm62,[Loud] get noob,spookybaker,direct,https://v.redd.it/8e4nt8eh8s631/DASH_720,dankvideos
,,accepted,[Loud] NANI,9,7,0,[Loud] NANI,,,,,C:\Users\Brandon\Documents\Personal_Projects\vid_m_comp_big_data\current_data\downloaded_clips\post_0070.mp4,,,c5yrao,[Loud] NANI,LudwigVonPhoenix,direct,https://v.redd.it/rxjehnhcqs631/DASH_720,dankvideos
,,declined,Relatable (NSFW),9,5,0,Relatable (NSFW),,,,,C:\Users\Brandon\Documents\Personal_Projects\vid_m_comp_big_data\current_data\downloaded_clips\post_0071.mp4,,,c60vje,Relatable (NSFW),DoctorCheif15,direct,https://v.redd.it/m3w1kqmlrt631/DASH_480,dankvideos
,,declined,buck50,20,5,0,buck50,,,,,C:\Users\Brandon\Documents\Personal_Projects\vid_m_comp_big_data\current_data\downloaded_clips\post_0072.mp4,,,c5qs1t,bucküí∏50ü§ë,masonmyerss1,direct,https://v.redd.it/r884b21gsp631/DASH_480,dankvideos
,,declined,NSFW,6,5,0,NSFW,,,,,C:\Users\Brandon\Documents\Personal_Projects\vid_m_comp_big_data\current_data\downloaded_clips\post_0073.mp4,,,c5tudw,NSFWüò´ü§£,LCT3,direct,https://v.redd.it/l8b02do8yq631/DASH_360,dankvideos
,,declined,Something stupid,28,5,0,Something stupid,,,,,C:\Users\Brandon\Documents\Personal_Projects\vid_m_comp_big_data\current_data\downloaded_clips\post_0075.mp4,,,c5zwj5,Something stupid,Theprompedsummer,direct,https://v.redd.it/hcafhrx7at631/DASH_720,dankvideos
,,accepted,Spectacular suicide prevention,8,6,0,Spectacular suicide prevention,,,,,C:\Users\Brandon\Documents\Personal_Projects\vid_m_comp_big_data\current_data\downloaded_clips\post_0076.mp4,,,c5ipik,Spectacular suicide prevention,_Krow_,direct,https://v.redd.it/z3n9ce50pl631/DASH_720,dankvideos
,,accepted,I mean I would,7,8,0,I mean I would,,,,,C:\Users\Brandon\Documents\Personal_Projects\vid_m_comp_big_data\current_data\downloaded_clips\post_0078.mp4,,,c5k5jf,I mean I would,Daddy-Corbs,direct,https://v.redd.it/o1nbpdvl9m631/DASH_720,dankvideos
,,accepted,Doggo gets attacked in minecraft,10,8,0,Doggo gets attacked in minecraft,,,,,C:\Users\Brandon\Documents\Personal_Projects\vid_m_comp_big_data\current_data\downloaded_clips\post_0079.mp4,,,c5w3sb,Doggo gets attacked in minecraft,Doodlebear_YT,,https://youtu.be/O8lCeWFOJVA,dankvideos
,,declined,Lmaooo,10,5,0,Lmaooo,,,,,C:\Users\Brandon\Documents\Personal_Projects\vid_m_comp_big_data\current_data\downloaded_clips\post_0083.mp4,,,c5n4jt,Lmaooo,Stevenoo809,direct,https://v.redd.it/igd9v9g0sn631/DASH_1080,dankvideos
,,declined,Get ‚ÄòEm Now,21,5,0,Get ‚ÄòEm Now,,,,,C:\Users\Brandon\Documents\Personal_Projects\vid_m_comp_big_data\current_data\downloaded_clips\post_0084.mp4,,,c5m236,Get ‚ÄòEm Now,Iommi68,direct,https://v.redd.it/jupvur5c3n631/DASH_1080,dankvideos
,,declined,Ricardo Milos: *exists* Me:,44,5,0,Ricardo Milos: *exists* Me:,,,,,C:\Users\Brandon\Documents\Personal_Projects\vid_m_comp_big_data\current_data\downloaded_clips\post_0090.mp4,,,c5y0r4,Ricardo Milos: *exists* Me:,kalinkafox,,https://twitter.com/kalinkafox/status/1143964488313528322,dankvideos
,,accepted,:YYY,9,9,0,:YYY,,,,,C:\Users\Brandon\Documents\Personal_Projects\vid_m_comp_big_data\current_data\downloaded_clips\post_0092.mp4,,,c5cwa7,:YYY,D3lt4_SiX,direct,https://v.redd.it/u4wzr4w5pj631/DASH_720,dankvideos
,,declined,Undertale Vsn,19,5,0,Undertale Vsn,,,,,C:\Users\Brandon\Documents\Personal_Projects\vid_m_comp_big_data\current_data\downloaded_clips\post_0093.mp4,,,c5j48p,Undertale Vsn,Muhsins_Cat,direct,https://v.redd.it/bozclthrul631/DASH_1080,dankvideos
,,declined,Ur mom gay,23,5,0,Ur mom gay,,,,,C:\Users\Brandon\Documents\Personal_Projects\vid_m_comp_big_data\current_data\downloaded_clips\post_0094.mp4,,,c5so1z,Ur mom gay,sponchboi,,https://youtu.be/senIpzg_cnE,dankvideos
,,pruned,Yea id bee like that,4,1,0,Yea id bee like that,,,,,C:\Users\Brandon\Documents\Personal_Projects\vid_m_comp_big_data\current_data\downloaded_clips\post_0095.mp4,,,c5s2tb,Yea id bee like that,rurugamet9,direct,https://v.redd.it/vzd5neambq631/DASH_720,dankvideos
,,accepted,Patrick Fights Himself!,33,5,0,Patrick Fights Himself!,,,,,C:\Users\Brandon\Documents\Personal_Projects\vid_m_comp_big_data\current_data\downloaded_clips\post_0097.mp4,,,c5ut2n,Patrick Fights Himself!,Moggyo,,https://www.youtube.com/watch?v=OGUV2-CAGNg,dankvideos
,,accepted,Garbage Day!,12,1,0,Garbage Day!,,,,,C:\Users\Brandon\Documents\Personal_Projects\vid_m_comp_big_data\current_data\downloaded_clips\post_0099.mp4,,,c5rhzy,Garbage Day!,Non_French_Sylvain,,https://youtu.be/C68BZ6pplgg,dankvideos
,,accepted,:T,9,6,0,:T,,,,,C:\Users\Brandon\Documents\Personal_Projects\vid_m_comp_big_data\current_data\downloaded_clips\post_0101.mp4,,,c55lv1,:T,D3lt4_SiX,direct,https://v.redd.it/d9ryrqxjyg631/DASH_240,dankvideos
,,declined,Nothing to see here,6,5,0,Nothing to see here,,,,,C:\Users\Brandon\Documents\Personal_Projects\vid_m_comp_big_data\current_data\downloaded_clips\post_0102.mp4,,,c5tv0r,Nothing to see here,PunchingPred,,https://youtu.be/UKdT3kpDQYc,dankvideos
,,declined,A part of any nutritious breakfast,11,5,0,A part of any nutritious breakfast,,,,,C:\Users\Brandon\Documents\Personal_Projects\vid_m_comp_big_data\current_data\downloaded_clips\post_0103.mp4,,,c5kbzt,A part of any nutritious breakfast,beclops,direct,https://v.redd.it/in182ayicm631/DASH_720,dankvideos
,,declined,W A Z O W S K I,15,5,0,W A Z O W S K I,,,,,C:\Users\Brandon\Documents\Personal_Projects\vid_m_comp_big_data\current_data\downloaded_clips\post_0105.mp4,,,c5spls,W A Z O W S K I,sponchboi,,https://youtu.be/74MQN5rf22U,dankvideos
,,declined,.,16,5,0,.,,,,,C:\Users\Brandon\Documents\Personal_Projects\vid_m_comp_big_data\current_data\downloaded_clips\post_0106.mp4,,,c5gpj2,.,D3lt4_SiX,direct,https://v.redd.it/z395av6hxk631/DASH_480,dankvideos
,,declined,BRUH MOMENT,13,5,0,BRUH MOMENT,,,,,C:\Users\Brandon\Documents\Personal_Projects\vid_m_comp_big_data\current_data\downloaded_clips\post_0109.mp4,,,c5r5xi,BRUH MOMENT,metallica123446,,https://www.youtube.com/watch?v=LaipdchmFX8,dankvideos
,,accepted,pizza time ,26,4,0,pizza time ,,,,,C:\Users\Brandon\Documents\Personal_Projects\vid_m_comp_big_data\current_data\downloaded_clips\post_0110.mp4,,,c5qdk1,pizza time üçïüçïüçï,tyler-williams-gb,,https://youtu.be/2TXOMPTemII,dankvideos
,,accepted,Welcome To The Wednesday,6,5,0,Welcome To The Wednesday,,,,,C:\Users\Brandon\Documents\Personal_Projects\vid_m_comp_big_data\current_data\downloaded_clips\post_0111.mp4,,,c5n507,Welcome To The Wednesday,MITOLL,,https://www.youtube.com/watch?v=tv5ZXkhJhF4,dankvideos
,,accepted,Ah Dat's Hot,21,4,0,Ah Dat's Hot,,,,,C:\Users\Brandon\Documents\Personal_Projects\vid_m_comp_big_data\current_data\downloaded_clips\post_0114.mp4,,,c5e4xw,Ah Dat's Hot,scottfrizzell,direct,https://v.redd.it/ke6oggd8nnx21/DASH_1080,dankvideos
,,declined,I felt that shit,28,5,0,I felt that shit,,,,,C:\Users\Brandon\Documents\Personal_Projects\vid_m_comp_big_data\current_data\downloaded_clips\post_0117.mp4,,,c5d01j,I felt that shit,yyvener,direct,https://v.redd.it/s0mbbo0wqj631/DASH_480,dankvideos
,,declined,Pewdiepie did an oopsie,28,5,0,Pewdiepie did an oopsie,,,,,C:\Users\Brandon\Documents\Personal_Projects\vid_m_comp_big_data\current_data\downloaded_clips\post_0119.mp4,,,c5gpe3,Pewdiepie did an oopsie,badgamergril,,https://youtu.be/7YKVpehRXgw,dankvideos
,,declined,An interesting title,10,5,0,An interesting title,,,,,C:\Users\Brandon\Documents\Personal_Projects\vid_m_comp_big_data\current_data\downloaded_clips\post_0120.mp4,,,c5fo76,An interesting title,yeetskeeteatmyfeet,direct,https://v.redd.it/jipjez6tlk631/DASH_1080,dankvideos
,,declined,Nice,7,5,0,Nice,,,,,C:\Users\Brandon\Documents\Personal_Projects\vid_m_comp_big_data\current_data\downloaded_clips\post_0124.mp4,,,c593sp,Nice,ErectileDysfunctiom,direct,https://v.redd.it/z6pf657bfi631/DASH_480,dankvideos
,,accepted,bear,23,1,0,bear,,,,,C:\Users\Brandon\Documents\Personal_Projects\vid_m_comp_big_data\current_data\downloaded_clips\post_0125.mp4,,,c4w4kf,bear,ImmaPooInYourAss,direct,https://v.redd.it/gjugquxzgd631/DASH_480,dankvideos
,,declined,rip,11,5,0,rip,,,,,C:\Users\Brandon\Documents\Personal_Projects\vid_m_comp_big_data\current_data\downloaded_clips\post_0127.mp4,,,c5qmtz,rip,ggboy17,direct,https://v.redd.it/k4fz03gbqp631/DASH_360,dankvideos
,,declined,GIORNO VS DIAVOLO LEAKED!!!,11,5,0,GIORNO VS DIAVOLO LEAKED!!!,,,,,C:\Users\Brandon\Documents\Personal_Projects\vid_m_comp_big_data\current_data\downloaded_clips\post_0130.mp4,,,c5eejq,GIORNO VS DIAVOLO LEAKED!!!,TeamEliteBros,,https://www.youtube.com/watch?v=sTq459sra08,dankvideos
,,accepted,Me and the boys prepping for a crusade,15,6,0,Me and the boys prepping for a crusade,,,,,C:\Users\Brandon\Documents\Personal_Projects\vid_m_comp_big_data\current_data\downloaded_clips\post_0131.mp4,,,c5avyd,Me and the boys prepping for a crusade,Real_ODDIST,,https://www.youtube.com/watch?v=xxufLAp35to,dankvideos
,,declined,Crab souls 3: The Finalie (MEME),21,5,0,Crab souls 3: The Finalie (MEME),,,,,C:\Users\Brandon\Documents\Personal_Projects\vid_m_comp_big_data\current_data\downloaded_clips\post_0132.mp4,,,c5dbod,Crab souls 3: The Finalie (MEME),FewRefuse,,https://youtu.be/tJCPu82X7CA,dankvideos
,,accepted,When Tana Mongeau Tweets,6,5,0,When Tana Mongeau Tweets,,,,,C:\Users\Brandon\Documents\Personal_Projects\vid_m_comp_big_data\current_data\downloaded_clips\post_0136.mp4,,,c5duf7,When Tana Mongeau Tweets,RyanWhiteDude,,https://youtu.be/-9F8Gpvz920,dankvideos
,,declined,Thanos is Unbreakable,39,5,0,Thanos is Unbreakable,,,,,C:\Users\Brandon\Documents\Personal_Projects\vid_m_comp_big_data\current_data\downloaded_clips\post_0137.mp4,,,c5h46o,Thanos is Unbreakable,Lozarray,,https://www.youtube.com/watch?v=orJnGGHJapE,dankvideos
,,declined,Everybody think they gangsta till jah starts fighting,29,5,0,Everybody think they gangsta till jah starts fighting,,,,,C:\Users\Brandon\Documents\Personal_Projects\vid_m_comp_big_data\current_data\downloaded_clips\post_0141.mp4,,,c58ei6,Everybody think they gangsta till jah starts fighting,sponchboi,,https://youtu.be/wvx65rMMMEo,dankvideos
,,declined,*horn noises*,7,5,0,*horn noises*,,,,,C:\Users\Brandon\Documents\Personal_Projects\vid_m_comp_big_data\current_data\downloaded_clips\post_0144.mp4,,,c55f39,*horn noises*,Sad1stic_Panc4ke,direct,https://v.redd.it/fe9djwnovg631/DASH_1080,dankvideos
,,declined,When mom finds the poop storage,12,5,0,When mom finds the poop storage,,,,,C:\Users\Brandon\Documents\Personal_Projects\vid_m_comp_big_data\current_data\downloaded_clips\post_0145.mp4,,,c4grx6,When mom finds the poop storage,OwenD66,direct,https://v.redd.it/w4qcwa1yo7631/DASH_480,dankvideos
,,accepted,Are You Ready? - Steam Summer Sale 2019,37,5,0,Are You Ready? - Steam Summer Sale 2019,,,,,C:\Users\Brandon\Documents\Personal_Projects\vid_m_comp_big_data\current_data\downloaded_clips\post_0146.mp4,,,c53anz,Are You Ready? - Steam Summer Sale 2019,AustinGoodenough,,https://www.youtube.com/watch?v=Sk1f8jw2VVU&feature=youtu.be,dankvideos
,,declined,Celtic heroes (the fallen king),23,5,0,Celtic heroes (the fallen king),,,,,C:\Users\Brandon\Documents\Personal_Projects\vid_m_comp_big_data\current_data\downloaded_clips\post_0147.mp4,,,c56wmy,Celtic heroes (the fallen king),memester24_7,,https://www.youtube.com/watch?v=NA6toqpGMeg,dankvideos
,,declined,A vid I made :),42,5,0,A vid I made :),,,,,C:\Users\Brandon\Documents\Personal_Projects\vid_m_comp_big_data\current_data\downloaded_clips\post_0149.mp4,,,c4qkfx,A vid I made :),ItSeemsLikeThat,direct,https://v.redd.it/n1rslhqfwb631/DASH_1080,dankvideos
,,declined,ToO SoON,13,5,0,ToO SoON,,,,,C:\Users\Brandon\Documents\Personal_Projects\vid_m_comp_big_data\current_data\downloaded_clips\post_0150.mp4,,,c5c80d,ToO SoON,Big-Uzi-Hert,direct,https://v.redd.it/9mw9byophj631/DASH_360,dankvideos
,,declined,I love school,16,5,0,I love school,,,,,C:\Users\Brandon\Documents\Personal_Projects\vid_m_comp_big_data\current_data\downloaded_clips\post_0151.mp4,,,c4lvph,I love school,almeida_zeturbo,direct,https://v.redd.it/2t5ij3wlfa631/DASH_360,dankvideos
,,declined,Cha Cha real smooth,24,5,0,Cha Cha real smooth,,,,,C:\Users\Brandon\Documents\Personal_Projects\vid_m_comp_big_data\current_data\downloaded_clips\post_0153.mp4,,,c43kn9,Cha Cha real smooth,tjfxw,direct,https://v.redd.it/h9vcvwpxj3631/DASH_1080,dankvideos
,,declined,[NSFW] Johntron is getting tired of bad porn plots,36,5,0,[NSFW] Johntron is getting tired of bad porn plots,,,,,C:\Users\Brandon\Documents\Personal_Projects\vid_m_comp_big_data\current_data\downloaded_clips\post_0154.mp4,,,c4lvfq,[NSFW] Johntron is getting tired of bad porn plots,Nikolai001,direct,https://v.redd.it/gb675bxjfa631/DASH_720,dankvideos
,,declined,[Loud] I live for these moments,15,5,0,[Loud] I live for these moments,,,,,C:\Users\Brandon\Documents\Personal_Projects\vid_m_comp_big_data\current_data\downloaded_clips\post_0155.mp4,,,c4j2k4,[Loud] I live for these moments,Nikolai001,direct,https://v.redd.it/k2799badw8631/DASH_480,dankvideos
,,accepted,It's Time For The Daily Duel,5,9,0,It's Time For The Daily Duel,,,,,C:\Users\Brandon\Documents\Personal_Projects\vid_m_comp_big_data\current_data\downloaded_clips\post_0156.mp4,,,c4rc9k,It's Time For The Daily Duel,Valeforeknight,,https://www.youtube.com/watch?v=7Jqrhv8qRmM,dankvideos
,,declined,Dating in 2K19 got me like,17,5,0,Dating in 2K19 got me like,,,,,C:\Users\Brandon\Documents\Personal_Projects\vid_m_comp_big_data\current_data\downloaded_clips\post_0157.mp4,,,c4unvt,Dating in 2K19 got me like,The-3rd-Party,,https://youtu.be/I_0Rj3u3kcA,dankvideos
,,accepted,Duck Kart,10,9,0,Duck Kart,,,,,C:\Users\Brandon\Documents\Personal_Projects\vid_m_comp_big_data\current_data\downloaded_clips\post_0158.mp4,,,c4u3l2,Duck Kart,Cakred,,https://twitter.com/Caktler/status/1143186486784942080,dankvideos
,,accepted,You have died,15,6,0,You have died,,,,,C:\Users\Brandon\Documents\Personal_Projects\vid_m_comp_big_data\current_data\downloaded_clips\post_0159.mp4,,,c4dbr0,You have died,YaYeetBuckeroo,direct,https://v.redd.it/e4wxsinlm6631/DASH_360,dankvideos
,,declined,Ah shit here we go again [PITCH SHIFTER],14,5,0,Ah shit here we go again [PITCH SHIFTER],,,,,C:\Users\Brandon\Documents\Personal_Projects\vid_m_comp_big_data\current_data\downloaded_clips\post_0164.mp4,,,c4royr,Ah shit here we go again [PITCH SHIFTER],limezenightcore,,https://www.youtube.com/watch?v=YYnTonOSzIk,dankvideos
,,declined,The motherfu**ing pigeon,11,5,0,The motherfu**ing pigeon,,,,,C:\Users\Brandon\Documents\Personal_Projects\vid_m_comp_big_data\current_data\downloaded_clips\post_0168.mp4,,,c4j8pm,The motherfu**ing pigeon,beckett_the_horse,direct,https://v.redd.it/nf6dln4rz8631/DASH_720,dankvideos
,,declined,FART,4,5,0,FART,,,,,C:\Users\Brandon\Documents\Personal_Projects\vid_m_comp_big_data\current_data\downloaded_clips\post_0169.mp4,,,c4p6um,FART,metallica123446,,https://www.youtube.com/watch?v=VVn3btOtb7Y&feature=youtu.be,dankvideos
,,declined,Release the damn contract,6,5,0,Release the damn contract,,,,,C:\Users\Brandon\Documents\Personal_Projects\vid_m_comp_big_data\current_data\downloaded_clips\post_0171.mp4,,,c4g1r1,Release the damn contract,Big-Uzi-Hert,direct,https://v.redd.it/dreooqxwf7631/DASH_360,dankvideos
,,accepted,Thanks invades the kitchen,14,8,0,Thanks invades the kitchen,,,,,C:\Users\Brandon\Documents\Personal_Projects\vid_m_comp_big_data\current_data\downloaded_clips\post_0172.mp4,,,c4n1a8,Thanks invades the kitchen,TivorSolo,,https://m.youtube.com/watch?v=BX8imwwAS4o,dankvideos
,,accepted,I wish I had a dad,10,5,0,I wish I had a dad,,,,,C:\Users\Brandon\Documents\Personal_Projects\vid_m_comp_big_data\current_data\downloaded_clips\post_0175.mp4,,,c3y8vu,I wish I had a dad,YaboiCrispyMemes,direct,https://v.redd.it/wxsedz8ms0631/DASH_720,dankvideos
,,declined,Mary Ham is Poppy Gloria,19,5,0,Mary Ham is Poppy Gloria,,,,,C:\Users\Brandon\Documents\Personal_Projects\vid_m_comp_big_data\current_data\downloaded_clips\post_0178.mp4,,,c4j05g,Mary Ham is Poppy Gloria,Chickenlegpotatocorn,,https://www.youtube.com/attribution_link?a=jlEtyUSqYaQ&u=%2Fwatch%3Fv%3DlDSyfXszobo%26feature%3Dshare,dankvideos
,,declined,imperfectly cut minecraft scream,15,5,0,imperfectly cut minecraft scream,,,,,C:\Users\Brandon\Documents\Personal_Projects\vid_m_comp_big_data\current_data\downloaded_clips\post_0180.mp4,,,c4hvqj,imperfectly cut minecraft scream,crusty_lemon,,https://youtu.be/eLJh2wX_Cd4,dankvideos
,,declined,Super Mario doggo,14,5,0,Super Mario doggo,,,,,C:\Users\Brandon\Documents\Personal_Projects\vid_m_comp_big_data\current_data\downloaded_clips\post_0181.mp4,,,c4eg8r,Super Mario doggo,Doodlebear_YT,,https://youtu.be/iqrhB_YXx7w,dankvideos
,,declined,"felt cute, might delete later",39,5,0,"felt cute, might delete later",,,,,C:\Users\Brandon\Documents\Personal_Projects\vid_m_comp_big_data\current_data\downloaded_clips\post_0183.mp4,,,c4dpqn,"felt cute, might delete later",FlyingNikoo,,https://www.youtube.com/watch?v=sdJPqa6pDRA&feature=youtu.be,dankvideos
,,declined,Mumble Has A Vietnam Flashback.....,12,5,0,Mumble Has A Vietnam Flashback.....,,,,,C:\Users\Brandon\Documents\Personal_Projects\vid_m_comp_big_data\current_data\downloaded_clips\post_0187.mp4,,,c4ddxg,Mumble Has A Vietnam Flashback.....,ElectricStormtrooper,,https://youtu.be/s4IZipNIw38,dankvideos
,,declined,1000 IQ,30,5,0,1000 IQ,,,,,C:\Users\Brandon\Documents\Personal_Projects\vid_m_comp_big_data\current_data\downloaded_clips\post_0188.mp4,,,c3p11j,1000 IQ,JekPossom,direct,https://v.redd.it/bcq8up8ngw531/DASH_360,dankvideos
,,declined,"Demonize them then kill them! Then,",4,5,0,"Demonize them then kill them! Then,",,,,,C:\Users\Brandon\Documents\Personal_Projects\vid_m_comp_big_data\current_data\downloaded_clips\post_0189.mp4,,,c4g7a6,"Demonize them then kill them! Then,",shihanabi,,https://clips.twitch.tv/DrabPoisedIguanaKappaPride,dankvideos
,,declined,Ahhh shit,2,5,0,Ahhh shit,,,,,C:\Users\Brandon\Documents\Personal_Projects\vid_m_comp_big_data\current_data\downloaded_clips\post_0190.mp4,,,c43zpz,Ahhh shit,CSpistol77,,https://www.youtube.com/watch?v=Wab-wnw7yBo,dankvideos
,,accepted,Woah.,16,6,0,Woah.,,,,,C:\Users\Brandon\Documents\Personal_Projects\vid_m_comp_big_data\current_data\downloaded_clips\post_0192.mp4,,,c402vm,Woah.,PAIDH-FKAPJWBBTO,direct,https://v.redd.it/s3kfua7wt1631/DASH_720,dankvideos
,,accepted,Now watch me whip,7,7,0,Now watch me whip,,,,,C:\Users\Brandon\Documents\Personal_Projects\vid_m_comp_big_data\current_data\downloaded_clips\post_0193.mp4,,,c3vzw0,Now watch me whip,Bean_Flavoured_Gum,direct,https://v.redd.it/6n3s1v13oz531/DASH_480,dankvideos
,,declined,Dankest of dank,29,5,0,Dankest of dank,,,,,C:\Users\Brandon\Documents\Personal_Projects\vid_m_comp_big_data\current_data\downloaded_clips\post_0194.mp4,,,c3ly36,Dankest of dank,fishkingdude,direct,https://v.redd.it/uiwqw91aju531/DASH_720,dankvideos
,,declined,Pe-nos,23,5,0,Pe-nos,,,,,C:\Users\Brandon\Documents\Personal_Projects\vid_m_comp_big_data\current_data\downloaded_clips\post_0195.mp4,,,c3zsm3,Pe-nos,Mucho_Coffee,,https://www.youtube.com/watch?v=zGMpzQhPyvk,dankvideos
,,declined,-leaked footage of Deadpool 3 opening scene-,10,5,0,-leaked footage of Deadpool 3 opening scene-,,,,,C:\Users\Brandon\Documents\Personal_Projects\vid_m_comp_big_data\current_data\downloaded_clips\post_0196.mp4,,,c3vaes,-leaked footage of Deadpool 3 opening scene-,ZenInHiding,direct,https://v.redd.it/5ie9awu3cz531/DASH_1080,dankvideos
,,declined,"Wake up, Minecrafter",27,5,0,"Wake up, Minecrafter",,,,,C:\Users\Brandon\Documents\Personal_Projects\vid_m_comp_big_data\current_data\downloaded_clips\post_0198.mp4,,,c419b7,"Wake up, Minecrafter",--YC99,,https://www.youtube.com/watch?v=MA7qPO__gjA,dankvideos
,,declined,Ryan Bergara says February 50x,29,5,0,Ryan Bergara says February 50x,,,,,C:\Users\Brandon\Documents\Personal_Projects\vid_m_comp_big_data\current_data\downloaded_clips\post_0200.mp4,,,c46o8d,Ryan Bergara says February 50x,CaDeky,,https://youtu.be/Cpey-amxtns,dankvideos
,,declined,Found a video and clipped this spicy meme out of it,13,5,0,Found a video and clipped this spicy meme out of it,,,,,C:\Users\Brandon\Documents\Personal_Projects\vid_m_comp_big_data\current_data\downloaded_clips\post_0206.mp4,,,c3vvpx,Found a video and clipped this spicy meme out of it,Galayeet,direct,https://v.redd.it/e1rtb5xxlz531/DASH_1080,dankvideos
,,accepted,[LOUD] you make me poco locoooo,5,6,0,[LOUD] you make me poco locoooo,,,,,C:\Users\Brandon\Documents\Personal_Projects\vid_m_comp_big_data\current_data\downloaded_clips\post_0207.mp4,,,c3q2xb,[LOUD] you make me poco locoooo,chikeennuget,direct,https://v.redd.it/kkxi3a0b0x531/DASH_480,dankvideos
,,accepted,Fuck the beach lets go to canada,36,1,0,Fuck the beach lets go to canada,,,,,C:\Users\Brandon\Documents\Personal_Projects\vid_m_comp_big_data\current_data\downloaded_clips\post_0209.mp4,,,c3pzaj,Fuck the beach lets go to canada,chikeennuget,direct,https://v.redd.it/mlx0p8xoyw531/DASH_240,dankvideos
,,declined,I can explain,7,5,0,I can explain,,,,,C:\Users\Brandon\Documents\Personal_Projects\vid_m_comp_big_data\current_data\downloaded_clips\post_0213.mp4,,,c3v7j3,I can explain,warrennsmith,direct,https://v.redd.it/ozjupbuxaz531/DASH_720,dankvideos
,,accepted,The proudest fap of my life,17,5,0,The proudest fap of my life,,,,,C:\Users\Brandon\Documents\Personal_Projects\vid_m_comp_big_data\current_data\downloaded_clips\post_0214.mp4,,,c3rg5s,The proudest fap of my life,dankbob_memepants_,direct,https://v.redd.it/4sgw8ui6mx531/DASH_360,dankvideos
,,accepted,Yum,11,5,0,Yum,,,,,C:\Users\Brandon\Documents\Personal_Projects\vid_m_comp_big_data\current_data\downloaded_clips\post_0215.mp4,,,c3q67s,Yum,chikeennuget,direct,https://v.redd.it/yvmril6u1x531/DASH_480,dankvideos
,,declined,kids in your class make fun of you while you listen to music(ASMR),15,5,0,kids in your class make fun of you while you listen to music(ASMR),,,,,C:\Users\Brandon\Documents\Personal_Projects\vid_m_comp_big_data\current_data\downloaded_clips\post_0217.mp4,,,c3w38v,kids in your class make fun of you while you listen to music(ASMR),Walter347,,https://www.youtube.com/watch?v=7CCTGRJMJ3s,dankvideos
,,declined,This is beyond science,29,5,0,This is beyond science,,,,,C:\Users\Brandon\Documents\Personal_Projects\vid_m_comp_big_data\current_data\downloaded_clips\post_0219.mp4,,,c39hsp,This is beyond science,R_OND_O,direct,https://v.redd.it/rck01q9t4p531/DASH_480,dankvideos
,,declined,Lil Nas X - Panini COVER except i have only heard the song once and i cant sing,29,5,0,Lil Nas X - Panini COVER except i have only heard the song once and i cant sing,,,,,C:\Users\Brandon\Documents\Personal_Projects\vid_m_comp_big_data\current_data\downloaded_clips\post_0221.mp4,,,c3tztr,Lil Nas X - Panini COVER except i have only heard the song once and i cant sing,rob3rrt,,https://www.youtube.com/watch?v=ILDz94FlCe8&feature=youtu.be,dankvideos
,,declined,Wholesome meme,22,5,0,Wholesome meme,,,,,C:\Users\Brandon\Documents\Personal_Projects\vid_m_comp_big_data\current_data\downloaded_clips\post_0222.mp4,,,c3nhc0,Wholesome meme,beatmepapi,direct,https://v.redd.it/h8gcx1mthv531/DASH_480,dankvideos
,,declined,jammin,12,5,0,jammin,,,,,C:\Users\Brandon\Documents\Personal_Projects\vid_m_comp_big_data\current_data\downloaded_clips\post_0225.mp4,,,c3o6y1,jammin,baldsuperman,,https://www.youtube.com/watch?v=CpletvQ_s5I,dankvideos
,,accepted,Shut the fuck up.,15,7,0,Shut the fuck up.,,,,,C:\Users\Brandon\Documents\Personal_Projects\vid_m_comp_big_data\current_data\downloaded_clips\post_0231.mp4,,,c3tyo0,Shut the fuck up.,Emimili0,,https://youtu.be/8SmNOki50WM,dankvideos
,,declined,Give me back my Xbox,6,5,0,Give me back my Xbox,,,,,C:\Users\Brandon\Documents\Personal_Projects\vid_m_comp_big_data\current_data\downloaded_clips\post_0232.mp4,,,c3lm1u,Give me back my Xbox,lebeanlord,direct,https://v.redd.it/asmrfe9jcu531/DASH_480,dankvideos
,,declined,My first post,18,5,0,My first post,,,,,C:\Users\Brandon\Documents\Personal_Projects\vid_m_comp_big_data\current_data\downloaded_clips\post_0233.mp4,,,c3ju83,My first post,Spacest_Dankest,direct,https://v.redd.it/nr9cgdsfft531/DASH_480,dankvideos
,,declined,Vsauce knows whats in the Fridge *Warning Knowledge*,26,5,0,Vsauce knows whats in the Fridge *Warning Knowledge*,,,,,C:\Users\Brandon\Documents\Personal_Projects\vid_m_comp_big_data\current_data\downloaded_clips\post_0234.mp4,,,c3t345,Vsauce knows whats in the Fridge *Warning Knowledge*,The-3rd-Party,,https://youtu.be/Uhig7LnPioU,dankvideos
,,declined,Did you just tech deck my shoe?,12,5,0,Did you just tech deck my shoe?,,,,,C:\Users\Brandon\Documents\Personal_Projects\vid_m_comp_big_data\current_data\downloaded_clips\post_0235.mp4,,,c3hk76,Did you just tech deck my shoe?,thehumorvault,direct,https://v.redd.it/1ype7ndjes531/DASH_480,dankvideos
,,declined,BaTtLe RoYAl,12,5,0,BaTtLe RoYAl,,,,,C:\Users\Brandon\Documents\Personal_Projects\vid_m_comp_big_data\current_data\downloaded_clips\post_0236.mp4,,,c3r8u9,BaTtLe RoYAl,Muhsins_Cat,direct,https://v.redd.it/s3uelf62jx531/DASH_480,dankvideos
,,declined,Cotton eye joe.,44,5,0,Cotton eye joe.,,,,,C:\Users\Brandon\Documents\Personal_Projects\vid_m_comp_big_data\current_data\downloaded_clips\post_0237.mp4,,,c3im7q,Cotton eye joe.,chikeennuget,direct,https://v.redd.it/697vnej0vs531/DASH_480,dankvideos
,,declined,Wut de faq,12,5,0,Wut de faq,,,,,C:\Users\Brandon\Documents\Personal_Projects\vid_m_comp_big_data\current_data\downloaded_clips\post_0239.mp4,,,c3ekmt,Wut de faq,ash_bosh,direct,https://v.redd.it/66q3wlgg8r531/DASH_480,dankvideos
,,declined,Fucking dumb ass bowser,15,5,0,Fucking dumb ass bowser,,,,,C:\Users\Brandon\Documents\Personal_Projects\vid_m_comp_big_data\current_data\downloaded_clips\post_0240.mp4,,,c3bpwl,Fucking dumb ass bowser,Muhsins_Cat,direct,https://v.redd.it/s1jqi0c66q531/DASH_1080,dankvideos
,,declined,,16,5,0,,,,,,C:\Users\Brandon\Documents\Personal_Projects\vid_m_comp_big_data\current_data\downloaded_clips\post_0241.mp4,,,c3bb60,üîäüîä,megis_on_hyvaa,direct,https://v.redd.it/3csrvprwlp531/DASH_240,dankvideos
,,declined,Bruh...,6,5,0,Bruh...,,,,,C:\Users\Brandon\Documents\Personal_Projects\vid_m_comp_big_data\current_data\downloaded_clips\post_0243.mp4,,,c3fkeb,Bruh...,Kristjan2809,direct,https://v.redd.it/che15px1mr531/DASH_1080,dankvideos
,,declined,MAMA MIA,31,5,0,MAMA MIA,,,,,C:\Users\Brandon\Documents\Personal_Projects\vid_m_comp_big_data\current_data\downloaded_clips\post_0244.mp4,,,c3atxp,MAMA MIA,Muhsins_Cat,direct,https://v.redd.it/uf3pql39tp531/DASH_480,dankvideos
,,declined,Bruh.mp4,7,5,0,Bruh.mp4,,,,,C:\Users\Brandon\Documents\Personal_Projects\vid_m_comp_big_data\current_data\downloaded_clips\post_0245.mp4,,,c2ukzy,Bruh.mp4,Vexal721,direct,https://v.redd.it/lxygjtoesh531/DASH_480,dankvideos
,,declined,Lmao it's TRUE,35,5,0,Lmao it's TRUE,,,,,C:\Users\Brandon\Documents\Personal_Projects\vid_m_comp_big_data\current_data\downloaded_clips\post_0246.mp4,,,c3esch,Lmao it's TRUE,memeslayer246,,https://youtu.be/Wdi4MFA7ODA,dankvideos
,,declined,Hoes mad x24 (idk why this is sideways),23,5,0,Hoes mad x24 (idk why this is sideways),,,,,C:\Users\Brandon\Documents\Personal_Projects\vid_m_comp_big_data\current_data\downloaded_clips\post_0247.mp4,,,c3cwtq,Hoes mad x24 (idk why this is sideways),ramckendry,direct,https://v.redd.it/83i97uu7mq531/DASH_360,dankvideos
,,declined,Gay,6,5,0,Gay,,,,,C:\Users\Brandon\Documents\Personal_Projects\vid_m_comp_big_data\current_data\downloaded_clips\post_0248.mp4,,,c3bob5,Gay,Muhsins_Cat,direct,https://v.redd.it/2jclzjql5q531/DASH_1080,dankvideos
,,declined,E,6,5,0,E,,,,,C:\Users\Brandon\Documents\Personal_Projects\vid_m_comp_big_data\current_data\downloaded_clips\post_0249.mp4,,,c3b34k,E,Muhsins_Cat,direct,https://v.redd.it/6c55qs15xp531/DASH_1080,dankvideos
,,declined,stonks but it's 3d,10,5,0,stonks but it's 3d,,,,,C:\Users\Brandon\Documents\Personal_Projects\vid_m_comp_big_data\current_data\downloaded_clips\post_0251.mp4,,,c3d9jt,stonks but it's 3d,Ant0ni24,,https://youtu.be/l9D174ojtBI,dankvideos
,,accepted,IT'S BEAUTIFUL,8,5,0,IT'S BEAUTIFUL,,,,,C:\Users\Brandon\Documents\Personal_Projects\vid_m_comp_big_data\current_data\downloaded_clips\post_0256.mp4,,,c3e6mx,IT'S BEAUTIFUL,mr_notsocreative,,https://youtu.be/mhxrAB10zYM,dankvideos
,,declined,Alex Jones runs behind a Japanese girl,8,5,0,Alex Jones runs behind a Japanese girl,,,,,C:\Users\Brandon\Documents\Personal_Projects\vid_m_comp_big_data\current_data\downloaded_clips\post_0258.mp4,,,c3d6mn,Alex Jones runs behind a Japanese girl,ahmadaba14,,https://youtu.be/CeXMuWVw_hk,dankvideos
,,declined,Outdated and overated,6,5,0,Outdated and overated,,,,,C:\Users\Brandon\Documents\Personal_Projects\vid_m_comp_big_data\current_data\downloaded_clips\post_0260.mp4,,,c34l7c,Outdated and overated,ivanjackonaugh,direct,https://v.redd.it/pcsrzwx29m531/DASH_1080,dankvideos
,,declined,What do you want to be when you grow up?,15,5,0,What do you want to be when you grow up?,,,,,C:\Users\Brandon\Documents\Personal_Projects\vid_m_comp_big_data\current_data\downloaded_clips\post_0261.mp4,,,c361q1,What do you want to be when you grow up?,specify_,,https://www.youtube.com/watch?v=UBSi3iDrbMk,dankvideos
,,declined,hitler teacher vs student on gender,21,5,0,hitler teacher vs student on gender,,,,,C:\Users\Brandon\Documents\Personal_Projects\vid_m_comp_big_data\current_data\downloaded_clips\post_0264.mp4,,,c3876w,hitler teacher vs student on gender,sargonofatank,,https://www.youtube.com/watch?v=S8ClHMNXats&feature=youtu.be,dankvideos
,,declined,cobolts spinnar ft subzero battlebots,15,5,0,cobolts spinnar ft subzero battlebots,,,,,C:\Users\Brandon\Documents\Personal_Projects\vid_m_comp_big_data\current_data\downloaded_clips\post_0265.mp4,,,c39u9l,cobolts spinnar ft subzero battlebots,sargonofatank,,https://youtu.be/J9d6kWX5AbI,dankvideos
,,declined,Patrick Hates This Channel - Ricardo Meme,26,5,0,Patrick Hates This Channel - Ricardo Meme,,,,,C:\Users\Brandon\Documents\Personal_Projects\vid_m_comp_big_data\current_data\downloaded_clips\post_0267.mp4,,,c35d0e,Patrick Hates This Channel - Ricardo Meme,RealDankMemeGod,,https://www.youtube.com/watch?v=HI0IcFI7cI4&feature=youtu.be,dankvideos
,,declined,"""You're a poopy head"" meme",12,5,0,"""You're a poopy head"" meme",,,,,C:\Users\Brandon\Documents\Personal_Projects\vid_m_comp_big_data\current_data\downloaded_clips\post_0270.mp4,,,c35ufj,"""You're a poopy head"" meme",RealDankMemeGod,,https://www.youtube.com/watch?v=zQNa3S_yD40&feature=youtu.be,dankvideos
1,,,bork bork gets his nom noms piano man,13,5,0,bork bork gets his nom noms piano man,,,,,C:\Users\Brandon\Documents\Personal_Projects\vid_m_comp_big_data\current_data\downloaded_clips\post_0272.mp4,,,c38k5u,bork bork gets his nom noms piano man,sargonofatank,,https://www.youtube.com/watch?v=BTT7RVPZ6Kw&feature=youtu.be,dankvideos
,,,This one is for all the Nintendo/Zelda fans out there,42,,,This one is for all the Nintendo/Zelda fans out there,,,,,C:\Users\Brandon\Documents\Personal_Projects\vid_m_comp_big_data\current_data\downloaded_clips\post_0273.mp4,,,c33uqi,This one is for all the Nintendo/Zelda fans out there,OneTrueHermit,,https://youtu.be/Uk9bEFxD2QA,dankvideos
,,,There's a Thot In My Fridge!,18,,,There's a Thot In My Fridge!,,,,,C:\Users\Brandon\Documents\Personal_Projects\vid_m_comp_big_data\current_data\downloaded_clips\post_0274.mp4,,,c2zvgw,There's a Thot In My Fridge!,RadicalOne95,,https://www.youtube.com/watch?v=9ZKWgCzO110,dankvideos
,,,Mexican Avengers Assemble!,31,,,Mexican Avengers Assemble!,,,,,C:\Users\Brandon\Documents\Personal_Projects\vid_m_comp_big_data\current_data\downloaded_clips\post_0275.mp4,,,c2xdmf,Mexican Avengers Assemble!,OneGassyNacho,direct,https://v.redd.it/yku7emuh4j531/DASH_1080,dankvideos
,,,My first home cooked meme.,16,,,My first home cooked meme.,,,,,C:\Users\Brandon\Documents\Personal_Projects\vid_m_comp_big_data\current_data\downloaded_clips\post_0282.mp4,,,c2w6y8,My first home cooked meme.,chikeennuget,direct,https://v.redd.it/uanc9lgnmi531/DASH_480,dankvideos
,,,GOTTA GO FAST,11,,,GOTTA GO FAST,,,,,C:\Users\Brandon\Documents\Personal_Projects\vid_m_comp_big_data\current_data\downloaded_clips\post_0286.mp4,,,c2s0b4,GOTTA GO FAST,ThrOmbosisDUd3,direct,https://v.redd.it/uc2jw7az5g531/DASH_720,dankvideos
,,,"Aw Bart, I can't belive you did this",31,,,"Aw Bart, I can't belive you did this",,,,,C:\Users\Brandon\Documents\Personal_Projects\vid_m_comp_big_data\current_data\downloaded_clips\post_0287.mp4,,,c34suk,"Aw Bart, I can't belive you did this",RealDankMemeGod,,https://www.youtube.com/watch?v=-FLZyOmaaeI&feature=youtu.be,dankvideos
,,,Spongebob yelling at Mr. Krabs angrily in German,7,,,Spongebob yelling at Mr. Krabs angrily in German,,,,,C:\Users\Brandon\Documents\Personal_Projects\vid_m_comp_big_data\current_data\downloaded_clips\post_0288.mp4,,,c2vyrg,Spongebob yelling at Mr. Krabs angrily in German,pokemango06,,https://youtu.be/h61V46ILgKY,dankvideos
,,,I only speak the truth,18,,,I only speak the truth,,,,,C:\Users\Brandon\Documents\Personal_Projects\vid_m_comp_big_data\current_data\downloaded_clips\post_0289.mp4,,,c2h8mo,I only speak the truth,dankbob_memepants_,direct,https://v.redd.it/91w7e089hb531/DASH_360,dankvideos
,,,Achilles vs Hector,43,,,Achilles vs Hector,,,,,C:\Users\Brandon\Documents\Personal_Projects\vid_m_comp_big_data\current_data\downloaded_clips\post_0292.mp4,,,c2yfo0,Achilles vs Hector,Non_French_Sylvain,,https://youtu.be/z4-85J8zkMQ,dankvideos
,,,Alex Jones plays Run on Coolmath,6,,,Alex Jones plays Run on Coolmath,,,,,C:\Users\Brandon\Documents\Personal_Projects\vid_m_comp_big_data\current_data\downloaded_clips\post_0294.mp4,,,c2xonc,Alex Jones plays Run on Coolmath,sponchboi,,https://youtu.be/3wH4ImYefCM,dankvideos
,,,Lil boat can‚Äôt do decent rhymes.,23,,,Lil boat can‚Äôt do decent rhymes.,,,,,C:\Users\Brandon\Documents\Personal_Projects\vid_m_comp_big_data\current_data\downloaded_clips\post_0296.mp4,,,c2snbf,Lil boat can‚Äôt do decent rhymes.,Stevenoo809,direct,https://v.redd.it/f3us6gdmjg531/DASH_720,dankvideos
,,,And i ooooooooofff,18,,,And i ooooooooofff,,,,,C:\Users\Brandon\Documents\Personal_Projects\vid_m_comp_big_data\current_data\downloaded_clips\post_0298.mp4,,,c304ov,And i ooooooooofff,DaddyThanos6911,,https://youtu.be/e2kEU4hBjbM,dankvideos
,,,Yeet,7,,,Yeet,,,,,C:\Users\Brandon\Documents\Personal_Projects\vid_m_comp_big_data\current_data\downloaded_clips\post_0299.mp4,,,c2tjwi,Yeet,hobgoblin02,,https://youtu.be/ohjkHqZwWXU,dankvideos
,,,When Captain Marvel Gets Recasted In an Alternate Universe,33,,,When Captain Marvel Gets Recasted In an Alternate Universe,,,,,C:\Users\Brandon\Documents\Personal_Projects\vid_m_comp_big_data\current_data\downloaded_clips\post_0301.mp4,,,c2z4jr,When Captain Marvel Gets Recasted In an Alternate Universe,Wedgieee,,https://youtu.be/pbrepgPpzwM,dankvideos
,,,That‚Äôs how rob does it,8,,,That‚Äôs how rob does it,,,,,C:\Users\Brandon\Documents\Personal_Projects\vid_m_comp_big_data\current_data\downloaded_clips\post_0302.mp4,,,c2jsdy,That‚Äôs how rob does it,Muhsins_Cat,direct,https://v.redd.it/tptbww5jjc531/DASH_1080,dankvideos
,,,Reactor 4 does the Harlem Shake,30,,,Reactor 4 does the Harlem Shake,,,,,C:\Users\Brandon\Documents\Personal_Projects\vid_m_comp_big_data\current_data\downloaded_clips\post_0304.mp4,,,c2og4n,Reactor 4 does the Harlem Shake,Sundyna,direct,https://v.redd.it/io8ltvlvee531/DASH_360,dankvideos
,,,Dogga Scooby Doo,27,,,Dogga Scooby Doo,,,,,C:\Users\Brandon\Documents\Personal_Projects\vid_m_comp_big_data\current_data\downloaded_clips\post_0306.mp4,,,c2xvxd,Dogga Scooby Doo,ahmadaba14,,https://youtu.be/wQqIcdjU8xU,dankvideos
,,,Ned Flanders,13,,,Ned Flanders,,,,,C:\Users\Brandon\Documents\Personal_Projects\vid_m_comp_big_data\current_data\downloaded_clips\post_0308.mp4,,,c2onrx,Ned Flanders,Sharkfin1230,direct,https://v.redd.it/2obna9vdie531/DASH_360,dankvideos
,,,zucc [loud],6,,,zucc [loud],,,,,C:\Users\Brandon\Documents\Personal_Projects\vid_m_comp_big_data\current_data\downloaded_clips\post_0311.mp4,,,c2vb0x,zucc [loud],Security8001,,https://www.youtube.com/watch?v=x5XKxu9jyUQ,dankvideos
,,,Hopefully nobody beat me to this.,36,,,Hopefully nobody beat me to this.,,,,,C:\Users\Brandon\Documents\Personal_Projects\vid_m_comp_big_data\current_data\downloaded_clips\post_0313.mp4,,,c2jre5,Hopefully nobody beat me to this.,Kerm344,direct,https://v.redd.it/n7w36dl5jc531/DASH_720,dankvideos
,,,Mr stabby Sadiq Khan Knife Crime in London,16,,,Mr stabby Sadiq Khan Knife Crime in London,,,,,C:\Users\Brandon\Documents\Personal_Projects\vid_m_comp_big_data\current_data\downloaded_clips\post_0314.mp4,,,c2uows,Mr stabby Sadiq Khan Knife Crime in London,sargonofatank,,https://youtu.be/4OUvteIKptY,dankvideos
,,,Phish,24,,,Phish,,,,,C:\Users\Brandon\Documents\Personal_Projects\vid_m_comp_big_data\current_data\downloaded_clips\post_0315.mp4,,,c2lve4,Phish,FatBoi12369,direct,https://v.redd.it/mo7xxp4tcd531/DASH_1080,dankvideos
,,,18 second : Meme Video!,19,,,18 second : Meme Video!,,,,,C:\Users\Brandon\Documents\Personal_Projects\vid_m_comp_big_data\current_data\downloaded_clips\post_0317.mp4,,,c2trbx,18 second : Meme Video!,Theotherguy151,,https://www.youtube.com/watch?v=tFzABy70LXw,dankvideos
,,,Before you didn't have me,16,,,Before you didn't have me,,,,,C:\Users\Brandon\Documents\Personal_Projects\vid_m_comp_big_data\current_data\downloaded_clips\post_0318.mp4,,,c2qn6p,Before you didn't have me,Doodlebear_YT,,https://youtu.be/2z5LgC0GdNw,dankvideos
,,,Google can say the n word,5,,,Google can say the n word,,,,,C:\Users\Brandon\Documents\Personal_Projects\vid_m_comp_big_data\current_data\downloaded_clips\post_0319.mp4,,,c2l5z3,Google can say the n word,Muhsins_Cat,direct,https://v.redd.it/iu8pk2fs2d531/DASH_480,dankvideos
,,,Damn,7,,,Damn,,,,,C:\Users\Brandon\Documents\Personal_Projects\vid_m_comp_big_data\current_data\downloaded_clips\post_0320.mp4,,,c2l2f9,Damn,Muhsins_Cat,direct,https://v.redd.it/rkwo1w7f1d531/DASH_480,dankvideos
,,,[LOUD] Click to enable 100% pants,15,,,[LOUD] Click to enable 100% pants,,,,,C:\Users\Brandon\Documents\Personal_Projects\vid_m_comp_big_data\current_data\downloaded_clips\post_0321.mp4,,,c2ob6j,[LOUD] Click to enable 100% pants,eggbutinfrench,,https://www.youtube.com/watch?v=2tO-SwqxNQI,dankvideos
,,,Ouch,6,,,Ouch,,,,,C:\Users\Brandon\Documents\Personal_Projects\vid_m_comp_big_data\current_data\downloaded_clips\post_0322.mp4,,,c2ib3o,Ouch,Muhsins_Cat,direct,https://v.redd.it/7bmwe0sxxb531/DASH_480,dankvideos
,,,Yellow dog,14,,,Yellow dog,,,,,C:\Users\Brandon\Documents\Personal_Projects\vid_m_comp_big_data\current_data\downloaded_clips\post_0325.mp4,,,c2hlzz,Yellow dog,eater-of-corn,direct,https://v.redd.it/zeyu8hl9nb531/DASH_1080,dankvideos
,,,Mcdonalds,21,,,Mcdonalds,,,,,C:\Users\Brandon\Documents\Personal_Projects\vid_m_comp_big_data\current_data\downloaded_clips\post_0327.mp4,,,c2660u,Mcdonalds,ivanjackonaugh,direct,https://v.redd.it/522xzvc7v5531/DASH_1080,dankvideos
,,,The next smash character has been leaked,15,,,The next smash character has been leaked,,,,,C:\Users\Brandon\Documents\Personal_Projects\vid_m_comp_big_data\current_data\downloaded_clips\post_0328.mp4,,,c2s6om,The next smash character has been leaked,MysteriousF3llow,,https://youtu.be/x7pACadbwyQ,dankvideos
,,,Kid Bruh-dy,3,,,Kid Bruh-dy,,,,,C:\Users\Brandon\Documents\Personal_Projects\vid_m_comp_big_data\current_data\downloaded_clips\post_0329.mp4,,,c2s26q,Kid Bruh-dy,T10Titan,,https://www.youtube.com/watch?v=V5z3_VYThxQ,dankvideos
,,,Drake - Make A Meme Out Of This,13,,,Drake - Make A Meme Out Of This,,,,,C:\Users\Brandon\Documents\Personal_Projects\vid_m_comp_big_data\current_data\downloaded_clips\post_0330.mp4,,,c2pj96,Drake - Make A Meme Out Of This,rosenmichael123,,https://www.youtube.com/watch?v=sirAzT9q_Uw,dankvideos
,,,Looking up something,20,,,Looking up something,,,,,C:\Users\Brandon\Documents\Personal_Projects\vid_m_comp_big_data\current_data\downloaded_clips\post_0331.mp4,,,c2k3yq,Looking up something,Trey112_-,direct,https://v.redd.it/lxkcvouznc531/DASH_720,dankvideos
,,,My brain during an exam:,10,,,My brain during an exam:,,,,,C:\Users\Brandon\Documents\Personal_Projects\vid_m_comp_big_data\current_data\downloaded_clips\post_0332.mp4,,,c2kt14,My brain during an exam:,ghostguy2468,,https://www.youtube.com/watch?v=W0rSnTjVlvQ&feature=youtu.be,dankvideos
,,,When will you Learn,10,,,When will you Learn,,,,,C:\Users\Brandon\Documents\Personal_Projects\vid_m_comp_big_data\current_data\downloaded_clips\post_0333.mp4,,,c2n91r,When will you Learn,Duck274,,https://www.youtube.com/watch?v=s7EFZ57pzQw,dankvideos
,,,Hey bro its cold in here. Could you make it warmer?,4,,,Hey bro its cold in here. Could you make it warmer?,,,,,C:\Users\Brandon\Documents\Personal_Projects\vid_m_comp_big_data\current_data\downloaded_clips\post_0334.mp4,,,c2ehib,Hey bro its cold in here. Could you make it warmer?,NicL88,direct,https://v.redd.it/kr4a2uq6x9531/DASH_720,dankvideos
,,,‚ÄúOn today‚Äôs episode of random videos on file‚Äù,14,,,‚ÄúOn today‚Äôs episode of random videos on file‚Äù,,,,,C:\Users\Brandon\Documents\Personal_Projects\vid_m_comp_big_data\current_data\downloaded_clips\post_0335.mp4,,,c2826s,‚ÄúOn today‚Äôs episode of random videos on file‚Äù,ZenInHiding,direct,https://v.redd.it/s75csksxl6531/DASH_1080,dankvideos
,,,Tfue got stuck in the lava,11,,,Tfue got stuck in the lava,,,,,C:\Users\Brandon\Documents\Personal_Projects\vid_m_comp_big_data\current_data\downloaded_clips\post_0336.mp4,,,c2hf6r,Tfue got stuck in the lava,BuddyHoly1,,https://www.youtube.com/watch?v=5Y-SDZCqtgk,dankvideos
,,,Minecraft Gender Enchanted Arrow,11,,,Minecraft Gender Enchanted Arrow,,,,,C:\Users\Brandon\Documents\Personal_Projects\vid_m_comp_big_data\current_data\downloaded_clips\post_0338.mp4,,,c2mtle,Minecraft Gender Enchanted Arrow,catnipbag,,https://www.youtube.com/watch?v=rGqp50hzc4c,dankvideos
,,,The Retelling of an Awkward Moment,29,,,The Retelling of an Awkward Moment,,,,,C:\Users\Brandon\Documents\Personal_Projects\vid_m_comp_big_data\current_data\downloaded_clips\post_0341.mp4,,,c2lfmj,The Retelling of an Awkward Moment,JuneRunner11,,https://www.youtube.com/watch?v=0bX6TqoLiS8,dankvideos
,,,I said the n word in ghetto but forgot my n word pass,18,,,I said the n word in ghetto but forgot my n word pass,,,,,C:\Users\Brandon\Documents\Personal_Projects\vid_m_comp_big_data\current_data\downloaded_clips\post_0343.mp4,,,c2bgy9,I said the n word in ghetto but forgot my n word pass,dagoldenpan,direct,https://v.redd.it/gzeecj7v68531/DASH_480,dankvideos
,,,The motherfucking N word,25,,,The motherfucking N word,,,,,C:\Users\Brandon\Documents\Personal_Projects\vid_m_comp_big_data\current_data\downloaded_clips\post_0344.mp4,,,c1zb63,The motherfucking N word,toufiqimrose,direct,https://v.redd.it/y6u8oowdj2531/DASH_240,dankvideos
,,,"The Minions. I made this for my Instagram account, which went no where so I might post a few more of my memes here, if I do get some good feedback or something like that.",20,,,"The Minions. I made this for my Instagram account, which went no where so I might post a few more of my memes here, if I do get some good feedback or something like that.",,,,,C:\Users\Brandon\Documents\Personal_Projects\vid_m_comp_big_data\current_data\downloaded_clips\post_0346.mp4,,,c2duc6,"The Minions. I made this for my Instagram account, which went no where so I might post a few more of my memes here, if I do get some good feedback or something like that.",Crustymemer,direct,https://v.redd.it/9gy4ysh5i9531/DASH_240,dankvideos
,,,Drake reacts to 9/11,9,,,Drake reacts to 9/11,,,,,C:\Users\Brandon\Documents\Personal_Projects\vid_m_comp_big_data\current_data\downloaded_clips\post_0347.mp4,,,c2j1hi,Drake reacts to 9/11,ahmadaba14,,https://youtu.be/otYOLlqXR6U,dankvideos
,,,Poop belongs in the sock,17,,,Poop belongs in the sock,,,,,C:\Users\Brandon\Documents\Personal_Projects\vid_m_comp_big_data\current_data\downloaded_clips\post_0348.mp4,,,c2bhba,Poop belongs in the sock,tiba09,direct,https://v.redd.it/mfmnmfe678531/DASH_480,dankvideos
,,,This new song is a banger. ,25,,,This new song is a banger. ,,,,,C:\Users\Brandon\Documents\Personal_Projects\vid_m_comp_big_data\current_data\downloaded_clips\post_0350.mp4,,,c272qq,This new song is a banger. üî•üî•üî•,Stevenoo809,direct,https://v.redd.it/9b8yhft386531/DASH_720,dankvideos
,,,don't click on this video...,40,,,don't click on this video...,,,,,C:\Users\Brandon\Documents\Personal_Projects\vid_m_comp_big_data\current_data\downloaded_clips\post_0353.mp4,,,c235ai,don't click on this video...,Bruh69Master420,,https://youtu.be/mietu7gWuVg,dankvideos
,,,When your uncle slips into your sheets at night and gives you that squishy icky feeling.,2,,,When your uncle slips into your sheets at night and gives you that squishy icky feeling.,,,,,C:\Users\Brandon\Documents\Personal_Projects\vid_m_comp_big_data\current_data\downloaded_clips\post_0357.mp4,,,c2akrf,When your uncle slips into your sheets at night and gives you that squishy icky feeling.,Stevenoo809,direct,https://v.redd.it/f15dw7z3r7531/DASH_480,dankvideos
,,,I don't know what you guys consider *dank*,7,,,I don't know what you guys consider *dank*,,,,,C:\Users\Brandon\Documents\Personal_Projects\vid_m_comp_big_data\current_data\downloaded_clips\post_0358.mp4,,,c2dmoz,I don't know what you guys consider *dank*,littlefaggot78,,https://m.youtube.com/watch?v=lk2SLEwj4Jc,dankvideos
,,,I hope you guys find this dank enough to let me enter your world.,10,,,I hope you guys find this dank enough to let me enter your world.,,,,,C:\Users\Brandon\Documents\Personal_Projects\vid_m_comp_big_data\current_data\downloaded_clips\post_0361.mp4,,,c262wz,I hope you guys find this dank enough to let me enter your world.,arya-man,direct,https://v.redd.it/iuvn4nazt5531/DASH_1080,dankvideos
,,,"I stole this from someone from insta but god almighty look at this BEAUTIFUL HOTTIE eating that cucumber, and with an absolute BOP playing",11,,,"I stole this from someone from insta but god almighty look at this BEAUTIFUL HOTTIE eating that cucumber, and with an absolute BOP playing",,,,,C:\Users\Brandon\Documents\Personal_Projects\vid_m_comp_big_data\current_data\downloaded_clips\post_0364.mp4,,,c2b6wk,"I stole this from someone from insta but god almighty look at this BEAUTIFUL HOTTIE eating that cucumber, and with an absolute BOP playing",BeepBeepGoAway,direct,https://v.redd.it/pnhg0i3t18531/DASH_480,dankvideos
,,,I saw roundabout live and had to take advantage of it,24,,,I saw roundabout live and had to take advantage of it,,,,,C:\Users\Brandon\Documents\Personal_Projects\vid_m_comp_big_data\current_data\downloaded_clips\post_0367.mp4,,,c22hgd,I saw roundabout live and had to take advantage of it,dankbob_memepants_,direct,https://v.redd.it/a383cagqd4531/DASH_480,dankvideos
,,,"Old format, old legend",16,,,"Old format, old legend",,,,,C:\Users\Brandon\Documents\Personal_Projects\vid_m_comp_big_data\current_data\downloaded_clips\post_0368.mp4,,,c27y98,"Old format, old legend",specialsnowflake3000,,https://youtu.be/yL-7P_TvQSE,dankvideos
,,,Anakin is breathtaking,27,,,Anakin is breathtaking,,,,,C:\Users\Brandon\Documents\Personal_Projects\vid_m_comp_big_data\current_data\downloaded_clips\post_0369.mp4,,,c28g6p,Anakin is breathtaking,AW_DELORME,,https://youtu.be/P04qtnEGm-Q,dankvideos
,,,That's how Keanu Reeves works,40,,,That's how Keanu Reeves works,,,,,C:\Users\Brandon\Documents\Personal_Projects\vid_m_comp_big_data\current_data\downloaded_clips\post_0370.mp4,,,c26zh8,That's how Keanu Reeves works,Romariusz,direct,https://v.redd.it/18v3w2ky66531/DASH_720,dankvideos
,,,WhO eLsE cAn ThEy AdD???,19,,,WhO eLsE cAn ThEy AdD???,,,,,C:\Users\Brandon\Documents\Personal_Projects\vid_m_comp_big_data\current_data\downloaded_clips\post_0372.mp4,,,c2b1p2,WhO eLsE cAn ThEy AdD???,Chickenlegpotatocorn,,https://www.youtube.com/attribution_link?a=mHCSElu3LbM&u=%2Fwatch%3Fv%3Db2DlPwSVqXg%26feature%3Dshare,dankvideos
,,,He hit the ground harder than Black Widow,13,,,He hit the ground harder than Black Widow,,,,,C:\Users\Brandon\Documents\Personal_Projects\vid_m_comp_big_data\current_data\downloaded_clips\post_0374.mp4,,,c20zb7,He hit the ground harder than Black Widow,sikenibbas,direct,https://v.redd.it/e4ranui7m3531/DASH_1080,dankvideos
,,,I know i‚Äôm late to the party but i just made this and its too good not to share,35,,,I know i‚Äôm late to the party but i just made this and its too good not to share,,,,,C:\Users\Brandon\Documents\Personal_Projects\vid_m_comp_big_data\current_data\downloaded_clips\post_0375.mp4,,,c1mb07,I know i‚Äôm late to the party but i just made this and its too good not to share,Ya-bOi-sTeezY,direct,https://v.redd.it/uenmlqeihw431/DASH_720,dankvideos
,,,Which one is cuter? ,28,,,Which one is cuter? ,,,,,C:\Users\Brandon\Documents\Personal_Projects\vid_m_comp_big_data\current_data\downloaded_clips\post_0379.mp4,,,c23tpd,Which one is cuter? üòö,Dreidalus,,https://youtu.be/KBALVnC9VZQ,dankvideos
,,,Whatttt,13,,,Whatttt,,,,,C:\Users\Brandon\Documents\Personal_Projects\vid_m_comp_big_data\current_data\downloaded_clips\post_0382.mp4,,,c1zg2n,Whatttt,dankiousmd,direct,https://v.redd.it/l3c24ebrm2531/DASH_360,dankvideos
,,,Wake The F up Samurai,22,,,Wake The F up Samurai,,,,,C:\Users\Brandon\Documents\Personal_Projects\vid_m_comp_big_data\current_data\downloaded_clips\post_0384.mp4,,,c26rf4,Wake The F up Samurai,ComanderERICK,,https://www.youtube.com/watch?v=2nGY454ZFns,dankvideos
,,,Check this out - Keanu Reeves,4,,,Check this out - Keanu Reeves,,,,,C:\Users\Brandon\Documents\Personal_Projects\vid_m_comp_big_data\current_data\downloaded_clips\post_0388.mp4,,,c24ecb,Check this out - Keanu Reeves,ahmadaba14,,https://youtu.be/JZ5Ktmr0HHc,dankvideos
,,,"""Good Save""",9,,,"""Good Save""",,,,,C:\Users\Brandon\Documents\Personal_Projects\vid_m_comp_big_data\current_data\downloaded_clips\post_0389.mp4,,,c1uv3r,"""Good Save""",boot_danker,direct,https://v.redd.it/vyvj7y7850531/DASH_720,dankvideos
,,,(Loud) BOIS THE TIME HAS COME,8,,,(Loud) BOIS THE TIME HAS COME,,,,,C:\Users\Brandon\Documents\Personal_Projects\vid_m_comp_big_data\current_data\downloaded_clips\post_0390.mp4,,,c1ul5r,(Loud) BOIS THE TIME HAS COME,Air_za,direct,https://v.redd.it/4uzt97ph00531/DASH_360,dankvideos
,,,ur cute too,42,,,ur cute too,,,,,C:\Users\Brandon\Documents\Personal_Projects\vid_m_comp_big_data\current_data\downloaded_clips\post_0391.mp4,,,c220ds,ur cute too,patkaiclan,,https://www.youtube.com/watch?v=ql9eNpTfeXs,dankvideos
,,,I can here the virgins in the distance,8,,,I can here the virgins in the distance,,,,,C:\Users\Brandon\Documents\Personal_Projects\vid_m_comp_big_data\current_data\downloaded_clips\post_0392.mp4,,,c1w6dk,I can here the virgins in the distance,biggpapa3000,direct,https://v.redd.it/21m96iacs0531/DASH_480,dankvideos
,,,Nani?!,21,,,Nani?!,,,,,C:\Users\Brandon\Documents\Personal_Projects\vid_m_comp_big_data\current_data\downloaded_clips\post_0393.mp4,,,c21d23,Nani?!,Dreidalus,,https://youtu.be/OTT2EOZV3g0,dankvideos
,,,"Wake up Samurai, we have a city to burn",31,,,"Wake up Samurai, we have a city to burn",,,,,C:\Users\Brandon\Documents\Personal_Projects\vid_m_comp_big_data\current_data\downloaded_clips\post_0394.mp4,,,c1p14h,"Wake up Samurai, we have a city to burn",Nikolai001,direct,https://v.redd.it/xx6iujepsx431/DASH_720,dankvideos
,,,Omg no guys ninja gay!?!?,21,,,Omg no guys ninja gay!?!?,,,,,C:\Users\Brandon\Documents\Personal_Projects\vid_m_comp_big_data\current_data\downloaded_clips\post_0395.mp4,,,c1s749,Omg no guys ninja gay!?!?,t-t-o,direct,https://v.redd.it/yydht7pi1z431/DASH_480,dankvideos
,,,Girls Locker Room vs Boys Locker Room,24,,,Girls Locker Room vs Boys Locker Room,,,,,C:\Users\Brandon\Documents\Personal_Projects\vid_m_comp_big_data\current_data\downloaded_clips\post_0396.mp4,,,c1nyw8,Girls Locker Room vs Boys Locker Room,LinguistGuy,direct,https://v.redd.it/usvvx38ocx431/DASH_720,dankvideos
,,,Persian turtle cousin,4,,,Persian turtle cousin,,,,,C:\Users\Brandon\Documents\Personal_Projects\vid_m_comp_big_data\current_data\downloaded_clips\post_0398.mp4,,,c1t9fa,Persian turtle cousin,Unscene12,direct,https://v.redd.it/d6oygkbugz431/DASH_480,dankvideos
,,,[LOUD]Micheal checks his fridge,14,,,[LOUD]Micheal checks his fridge,,,,,C:\Users\Brandon\Documents\Personal_Projects\vid_m_comp_big_data\current_data\downloaded_clips\post_0400.mp4,,,c208uw,[LOUD]Micheal checks his fridge,Milan_____,,https://www.youtube.com/watch?v=F4Z7iyUV-sw&lc=z225dpoxuqv1zr3meacdp430oaqo0p4ivlklol0jy51w03c010c&ab_channel=MilanLmao,dankvideos
,,,Gay cowboys be like,14,,,Gay cowboys be like,,,,,C:\Users\Brandon\Documents\Personal_Projects\vid_m_comp_big_data\current_data\downloaded_clips\post_0402.mp4,,,c1v9rc,Gay cowboys be like,littlefaggot78,,https://m.youtube.com/watch?v=Vlsx0MY7wPI#searching,dankvideos
,,,,10,,,,,,,,C:\Users\Brandon\Documents\Personal_Projects\vid_m_comp_big_data\current_data\downloaded_clips\post_0406.mp4,,,c1mhof,üôÇüî´,MustyTit,direct,https://v.redd.it/akm04c3jlw431/DASH_480,dankvideos
,,,Nice m8,10,,,Nice m8,,,,,C:\Users\Brandon\Documents\Personal_Projects\vid_m_comp_big_data\current_data\downloaded_clips\post_0408.mp4,,,c1a7fq,Nice m8,barberman12,direct,https://v.redd.it/oh890eha6q431/DASH_720,dankvideos
,,,1993 Chrysler Town Country Commercial,37,,,1993 Chrysler Town Country Commercial,,,,,C:\Users\Brandon\Documents\Personal_Projects\vid_m_comp_big_data\current_data\downloaded_clips\post_0409.mp4,,,c1swgj,1993 Chrysler Town Country Commercial,bonerbarf99,,https://www.youtube.com/watch?v=rs6OlwrGmbg,dankvideos
,,,Mr. Krabs did 9/11,4,,,Mr. Krabs did 9/11,,,,,C:\Users\Brandon\Documents\Personal_Projects\vid_m_comp_big_data\current_data\downloaded_clips\post_0411.mp4,,,c1s7wx,Mr. Krabs did 9/11,csw1646,,https://youtu.be/121OhyfWEGY,dankvideos
,,,Tyler1 Has a Big Head,7,,,Tyler1 Has a Big Head,,,,,C:\Users\Brandon\Documents\Personal_Projects\vid_m_comp_big_data\current_data\downloaded_clips\post_0413.mp4,,,c1ne4a,Tyler1 Has a Big Head,lachlankell99,,https://www.youtube.com/watch?v=06AuQOQa9Mg,dankvideos
,,,[loud] Pizza Rave,10,,,[loud] Pizza Rave,,,,,C:\Users\Brandon\Documents\Personal_Projects\vid_m_comp_big_data\current_data\downloaded_clips\post_0414.mp4,,,c1rnxw,[loud] Pizza Rave,arrowkid2000,,https://youtu.be/WY9OuHp8YxQ,dankvideos
,,,HEY BRIAN GRIFFIN,24,,,HEY BRIAN GRIFFIN,,,,,C:\Users\Brandon\Documents\Personal_Projects\vid_m_comp_big_data\current_data\downloaded_clips\post_0424.mp4,,,c1hytm,HEY BRIAN GRIFFIN,HReddit1223,direct,https://v.redd.it/fzu4knmyqt431/DASH_1080,dankvideos
,,,WEEEEE,5,,,WEEEEE,,,,,C:\Users\Brandon\Documents\Personal_Projects\vid_m_comp_big_data\current_data\downloaded_clips\post_0425.mp4,,,c1rcyx,WEEEEE,blackhole_pussy,direct,https://v.redd.it/duzp9zo9py431/DASH_480,dankvideos
,,,minecrafters find diamonds :),19,,,minecrafters find diamonds :),,,,,C:\Users\Brandon\Documents\Personal_Projects\vid_m_comp_big_data\current_data\downloaded_clips\post_0426.mp4,,,c1kib9,minecrafters find diamonds :),ajtorg12,,https://www.youtube.com/watch?v=KNoeafs-5wU&feature=share,dankvideos
,,,"motha futha, futh the futhing goat",14,,,"motha futha, futh the futhing goat",,,,,C:\Users\Brandon\Documents\Personal_Projects\vid_m_comp_big_data\current_data\downloaded_clips\post_0427.mp4,,,c1hndy,"motha futha, futh the futhing goat",BOT_Sammy,direct,https://v.redd.it/ppy7s0m3lt431/DASH_1080,dankvideos
,,,Hawahuawhataboothisuhh,15,,,Hawahuawhataboothisuhh,,,,,C:\Users\Brandon\Documents\Personal_Projects\vid_m_comp_big_data\current_data\downloaded_clips\post_0429.mp4,,,c1ooye,Hawahuawhataboothisuhh,alexthemanzano,,https://youtu.be/lk4dgWGW9RE,dankvideos
,,,Ôº≥Ôº°Ôº¶Ôº• Ôº°ÔºÆÔº§ Ôº≥ÔºØÔºµÔºÆÔº§,31,,,Ôº≥Ôº°Ôº¶Ôº• Ôº°ÔºÆÔº§ Ôº≥ÔºØÔºµÔºÆÔº§,,,,,C:\Users\Brandon\Documents\Personal_Projects\vid_m_comp_big_data\current_data\downloaded_clips\post_0430.mp4,,,c1hqiq,Ôº≥Ôº°Ôº¶Ôº• Ôº°ÔºÆÔº§ Ôº≥ÔºØÔºµÔºÆÔº§,LinguistGuy,direct,https://v.redd.it/d6l92q8umt431/DASH_720,dankvideos
,,,Lmaooooooo,22,,,Lmaooooooo,,,,,C:\Users\Brandon\Documents\Personal_Projects\vid_m_comp_big_data\current_data\downloaded_clips\post_0432.mp4,,,c1g5s3,Lmaooooooo,Stevenoo809,direct,https://v.redd.it/300sod9mts431/DASH_720,dankvideos
,,,I‚Äôm sorry about your condition,19,,,I‚Äôm sorry about your condition,,,,,C:\Users\Brandon\Documents\Personal_Projects\vid_m_comp_big_data\current_data\downloaded_clips\post_0434.mp4,,,c1abeg,I‚Äôm sorry about your condition,thisguy_1997,direct,https://v.redd.it/i0ez97668q431/DASH_360,dankvideos
,,,Oh he‚Äôs  (edited and reuploaded),21,,,Oh he‚Äôs  (edited and reuploaded),,,,,C:\Users\Brandon\Documents\Personal_Projects\vid_m_comp_big_data\current_data\downloaded_clips\post_0435.mp4,,,c1dn9l,Oh he‚Äôs üíÄ (edited and reuploaded),aidkrayeets,direct,https://v.redd.it/fgmgl97epr431/DASH_720,dankvideos
,,,H e i s R e b o r n,19,,,H e i s R e b o r n,,,,,C:\Users\Brandon\Documents\Personal_Projects\vid_m_comp_big_data\current_data\downloaded_clips\post_0437.mp4,,,c17erk,H e i s R e b o r n,Kingestien,direct,https://v.redd.it/szd60abn7o431/DASH_480,dankvideos
,,,true doe,15,,,true doe,,,,,C:\Users\Brandon\Documents\Personal_Projects\vid_m_comp_big_data\current_data\downloaded_clips\post_0439.mp4,,,c1ch5o,true doe,barberman12,direct,https://v.redd.it/y779ykoe7r431/DASH_720,dankvideos
,,,dat doggo doe,23,,,dat doggo doe,,,,,C:\Users\Brandon\Documents\Personal_Projects\vid_m_comp_big_data\current_data\downloaded_clips\post_0442.mp4,,,c1db5d,dat doggo doe,barberman12,direct,https://v.redd.it/gnat7a29kr431/DASH_480,dankvideos
,,,LET US GO GET HEALTHY BOISSSS!!!,17,,,LET US GO GET HEALTHY BOISSSS!!!,,,,,C:\Users\Brandon\Documents\Personal_Projects\vid_m_comp_big_data\current_data\downloaded_clips\post_0444.mp4,,,c11wf0,LET US GO GET HEALTHY BOISSSS!!!,Potwats,direct,https://v.redd.it/wf0czki6dk431/DASH_240,dankvideos
,,,relateable as fudge,22,,,relateable as fudge,,,,,C:\Users\Brandon\Documents\Personal_Projects\vid_m_comp_big_data\current_data\downloaded_clips\post_0445.mp4,,,c1eswn,relateable as fudge,barberman12,direct,https://v.redd.it/2v1q8fce7s431/DASH_480,dankvideos
,,,[Meme] Ram reacts to Artifact Teaser Trailer,14,,,[Meme] Ram reacts to Artifact Teaser Trailer,,,,,C:\Users\Brandon\Documents\Personal_Projects\vid_m_comp_big_data\current_data\downloaded_clips\post_0446.mp4,,,c1jgqo,[Meme] Ram reacts to Artifact Teaser Trailer,AL2009man,,https://www.youtube.com/watch?v=w9JbbOPa4Zk,dankvideos
,,,Keanu Reeves - We have a city to burn,16,,,Keanu Reeves - We have a city to burn,,,,,C:\Users\Brandon\Documents\Personal_Projects\vid_m_comp_big_data\current_data\downloaded_clips\post_0447.mp4,,,c1hdze,Keanu Reeves - We have a city to burn,NigoChip,,https://youtu.be/QWICbFhHSWw,dankvideos
,,,Spoopder m√∂yn,20,,,Spoopder m√∂yn,,,,,C:\Users\Brandon\Documents\Personal_Projects\vid_m_comp_big_data\current_data\downloaded_clips\post_0450.mp4,,,c17f86,Spoopder m√∂yn,Kingestien,direct,https://v.redd.it/gsr9cr678o431/DASH_480,dankvideos
,,,Sans Got you Nae Nae'd,19,,,Sans Got you Nae Nae'd,,,,,C:\Users\Brandon\Documents\Personal_Projects\vid_m_comp_big_data\current_data\downloaded_clips\post_0451.mp4,,,c1g73u,Sans Got you Nae Nae'd,GamesDevastator,,https://www.youtube.com/attribution_link?a=4WZZuSXgxKs&u=%2Fwatch%3Fv%3DHJbDhP49xVc%26feature%3Dshare,dankvideos
,,,"Funny, I did the same thing at school but with the thug luv beat",12,,,"Funny, I did the same thing at school but with the thug luv beat",,,,,C:\Users\Brandon\Documents\Personal_Projects\vid_m_comp_big_data\current_data\downloaded_clips\post_0454.mp4,,,c1bhal,"Funny, I did the same thing at school but with the thug luv beat",ZenInHiding,direct,https://v.redd.it/z5qma0efrq431/DASH_1080,dankvideos
,,,E,4,,,E,,,,,C:\Users\Brandon\Documents\Personal_Projects\vid_m_comp_big_data\current_data\downloaded_clips\post_0455.mp4,,,c1e1j4,E,AndyMB601,,https://www.youtube.com/watch?v=Juz-lVzHwsg#action=share,dankvideos
,,,Grape,4,,,Grape,,,,,C:\Users\Brandon\Documents\Personal_Projects\vid_m_comp_big_data\current_data\downloaded_clips\post_0456.mp4,,,c11vxx,Grape,SleepingEon,direct,https://v.redd.it/e9ow97mo0l431/DASH_720,dankvideos
,,,Peanut steals ironman's dooplicut machine. [SFM] (epic),25,,,Peanut steals ironman's dooplicut machine. [SFM] (epic),,,,,C:\Users\Brandon\Documents\Personal_Projects\vid_m_comp_big_data\current_data\downloaded_clips\post_0460.mp4,,,c1ajo0,Peanut steals ironman's dooplicut machine. [SFM] (epic),lokvanjiz,,https://youtu.be/VmODg_EJ-RE,dankvideos
,,,√´ it's in th√´ gam√´,4,,,√´ it's in th√´ gam√´,,,,,C:\Users\Brandon\Documents\Personal_Projects\vid_m_comp_big_data\current_data\downloaded_clips\post_0461.mp4,,,c1byyl,√´ it's in th√´ gam√´,loveino,,https://www.youtube.com/watch?v=Juz-lVzHwsg,dankvideos
,,,Br√ºh,19,,,Br√ºh,,,,,C:\Users\Brandon\Documents\Personal_Projects\vid_m_comp_big_data\current_data\downloaded_clips\post_0464.mp4,,,c14wwx,Br√ºh,asian_boi123,direct,https://v.redd.it/fr6hkxv5lm431/DASH_720,dankvideos
,,,[loud]theytrynabecrack.mp4,6,,,[loud]theytrynabecrack.mp4,,,,,C:\Users\Brandon\Documents\Personal_Projects\vid_m_comp_big_data\current_data\downloaded_clips\post_0465.mp4,,,c164lb,[loud]theytrynabecrack.mp4,ace_v27,direct,https://v.redd.it/tztun3o4bn431/DASH_1080,dankvideos
,,,Signal Detected | Halo Infinite E3 2019,33,,,Signal Detected | Halo Infinite E3 2019,,,,,C:\Users\Brandon\Documents\Personal_Projects\vid_m_comp_big_data\current_data\downloaded_clips\post_0467.mp4,,,c1cutx,Signal Detected | Halo Infinite E3 2019,mr_notsocreative,,https://youtu.be/ZifG8-ze27U,dankvideos
,,,Keanu Reeves at E3 with the boys,10,,,Keanu Reeves at E3 with the boys,,,,,C:\Users\Brandon\Documents\Personal_Projects\vid_m_comp_big_data\current_data\downloaded_clips\post_0469.mp4,,,c19zmc,Keanu Reeves at E3 with the boys,chefgamingYT,,https://www.youtube.com/watch?v=i61Pwx7AtBM,dankvideos
,,,Beans confirmed at E3 2019!,6,,,Beans confirmed at E3 2019!,,,,,C:\Users\Brandon\Documents\Personal_Projects\vid_m_comp_big_data\current_data\downloaded_clips\post_0470.mp4,,,c1bsj8,Beans confirmed at E3 2019!,Jamma_Gaming,,https://youtu.be/MR6argxglKQ,dankvideos
,,,Lindsay Lohan & Bill Cosby team up for a grape Jello rap music video/commercial (1994),31,,,Lindsay Lohan & Bill Cosby team up for a grape Jello rap music video/commercial (1994),,,,,C:\Users\Brandon\Documents\Personal_Projects\vid_m_comp_big_data\current_data\downloaded_clips\post_0472.mp4,,,c1aso2,Lindsay Lohan & Bill Cosby team up for a grape Jello rap music video/commercial (1994),ConsumerTimeCapsule,,https://www.youtube.com/watch?v=FYaYWYvOv-Q,dankvideos
,,,"Hey you, wake the frick up",15,,,"Hey you, wake the frick up",,,,,C:\Users\Brandon\Documents\Personal_Projects\vid_m_comp_big_data\current_data\downloaded_clips\post_0475.mp4,,,c170q4,"Hey you, wake the frick up",DrummerPatrick,direct,https://v.redd.it/pawiawm0xn431/DASH_720,dankvideos
,,,Favourite meme of all time,30,,,Favourite meme of all time,,,,,C:\Users\Brandon\Documents\Personal_Projects\vid_m_comp_big_data\current_data\downloaded_clips\post_0477.mp4,,,c18tie,Favourite meme of all time,JoshHumphreys,,https://youtu.be/JfbyhphC-OM,dankvideos
,,,[loud],14,,,[loud],,,,,C:\Users\Brandon\Documents\Personal_Projects\vid_m_comp_big_data\current_data\downloaded_clips\post_0480.mp4,,,c14cng,[loud],NCVIPERGD,direct,https://v.redd.it/8xl7r86r9m431/DASH_720,dankvideos
,,,credit card challenge,22,,,credit card challenge,,,,,C:\Users\Brandon\Documents\Personal_Projects\vid_m_comp_big_data\current_data\downloaded_clips\post_0481.mp4,,,c10rw8,credit card challenge,TivorSolo,,https://www.youtube.com/watch?v=MsIRDNRnUi8&feature=youtu.be,dankvideos
,,,That sure is a good brand and it saves them turtles,14,,,That sure is a good brand and it saves them turtles,,,,,C:\Users\Brandon\Documents\Personal_Projects\vid_m_comp_big_data\current_data\downloaded_clips\post_0483.mp4,,,c11zw6,That sure is a good brand and it saves them turtles,Meotabz,direct,https://v.redd.it/prrn0zlj2l431/DASH_720,dankvideos
,,,Why'd you poke the frog???,20,,,Why'd you poke the frog???,,,,,C:\Users\Brandon\Documents\Personal_Projects\vid_m_comp_big_data\current_data\downloaded_clips\post_0484.mp4,,,c142es,Why'd you poke the frog???,nexxtmeme,,https://youtu.be/YKjIgaqIa_g,dankvideos
,,,Lydia winters loves building brown bricks with Minecraft,43,,,Lydia winters loves building brown bricks with Minecraft,,,,,C:\Users\Brandon\Documents\Personal_Projects\vid_m_comp_big_data\current_data\downloaded_clips\post_0487.mp4,,,c0y0wt,Lydia winters loves building brown bricks with Minecraft,iamtrash10,,https://youtu.be/_CauXY2Idog,dankvideos
,,,update video.,28,,,update video.,,,,,C:\Users\Brandon\Documents\Personal_Projects\vid_m_comp_big_data\current_data\downloaded_clips\post_0489.mp4,,,c0x77q,update video.,rob3rrt,,https://www.youtube.com/watch?v=y_HLeLky1Ug&feature=youtu.be,dankvideos
,,,Hotel Connie,4,,,Hotel Connie,,,,,C:\Users\Brandon\Documents\Personal_Projects\vid_m_comp_big_data\current_data\downloaded_clips\post_0492.mp4,,,c10j7k,Hotel Connie,Moggyo,,https://www.youtube.com/watch?v=kQVzSm_0Tyk,dankvideos
,,,they trynna be cramp,3,,,they trynna be cramp,,,,,C:\Users\Brandon\Documents\Personal_Projects\vid_m_comp_big_data\current_data\downloaded_clips\post_0494.mp4,,,c0zdiz,they trynna be cramp,JJVS4life,,https://youtu.be/sk_V1BMYz0I,dankvideos
,,,I sit,2,,,I sit,,,,,C:\Users\Brandon\Documents\Personal_Projects\vid_m_comp_big_data\current_data\downloaded_clips\post_0497.mp4,,,c0w49q,I sit,Cobra_2o1o,,https://www.youtube.com/watch?v=dDF7vB7_lgU,dankvideos
